43.066406,-14.566936000000002,MXR Distortion Plus,100%,NA,
86.132812,-8.618181000000002,MXR Distortion Plus,100%,NA,
129.199219,-5.434361000000003,MXR Distortion Plus,100%,NA,
172.265625,-5.017394000000003,MXR Distortion Plus,100%,NA,
215.332031,-3.3012590000000035,MXR Distortion Plus,100%,NA,
258.398438,-3.156005000000002,MXR Distortion Plus,100%,NA,
301.464844,-2.0572570000000017,MXR Distortion Plus,100%,NA,
344.53125,-1.975913000000002,MXR Distortion Plus,100%,NA,
387.597656,-1.4221340000000033,MXR Distortion Plus,100%,NA,
430.664062,-0.8216090000000005,MXR Distortion Plus,100%,NA,
473.730469,-0.4062160000000006,MXR Distortion Plus,100%,NA,
516.796875,-0.3381620000000023,MXR Distortion Plus,100%,NA,
559.863281,-0.5269850000000016,MXR Distortion Plus,100%,NA,
602.929688,-0.8005610000000036,MXR Distortion Plus,100%,NA,
645.996094,-0.16697100000000376,MXR Distortion Plus,100%,NA,
689.0625,-0.3016880000000022,MXR Distortion Plus,100%,NA,
732.128906,-0.07716700000000287,MXR Distortion Plus,100%,NA,
775.195312,-0.35326000000000235,MXR Distortion Plus,100%,NA,
818.261719,-1.1170090000000013,MXR Distortion Plus,100%,NA,
861.328125,-0.5685380000000038,MXR Distortion Plus,100%,NA,
904.394531,-0.3365200000000037,MXR Distortion Plus,100%,NA,
947.460938,-0.3454950000000032,MXR Distortion Plus,100%,NA,
990.527344,-0.3259490000000014,MXR Distortion Plus,100%,NA,
1033.59375,0.3523089999999982,MXR Distortion Plus,100%,NA,
1076.660156,0.9098409999999983,MXR Distortion Plus,100%,NA,
1119.726562,0.4903229999999965,MXR Distortion Plus,100%,NA,
1162.792969,0.7644339999999978,MXR Distortion Plus,100%,NA,
1205.859375,-0.42572500000000346,MXR Distortion Plus,100%,NA,
1248.925781,-0.31327500000000086,MXR Distortion Plus,100%,NA,
1291.992188,-0.29940900000000426,MXR Distortion Plus,100%,NA,
1335.058594,-0.05965400000000187,MXR Distortion Plus,100%,NA,
1378.125,0.6116530000000004,MXR Distortion Plus,100%,NA,
1421.191406,0.5092869999999969,MXR Distortion Plus,100%,NA,
1464.257812,1.0405939999999987,MXR Distortion Plus,100%,NA,
1507.324219,0.2539359999999995,MXR Distortion Plus,100%,NA,
1550.390625,-0.24648800000000293,MXR Distortion Plus,100%,NA,
1593.457031,-0.12744200000000205,MXR Distortion Plus,100%,NA,
1636.523438,-0.5505720000000025,MXR Distortion Plus,100%,NA,
1679.589844,-0.5325930000000021,MXR Distortion Plus,100%,NA,
1722.65625,0.5504709999999982,MXR Distortion Plus,100%,NA,
1765.722656,-0.372397000000003,MXR Distortion Plus,100%,NA,
1808.789062,-0.4468150000000044,MXR Distortion Plus,100%,NA,
1851.855469,-1.094411000000001,MXR Distortion Plus,100%,NA,
1894.921875,-1.4156620000000046,MXR Distortion Plus,100%,NA,
1937.988281,-0.4097299999999997,MXR Distortion Plus,100%,NA,
1981.054688,0.7755399999999959,MXR Distortion Plus,100%,NA,
2024.121094,0.093136999999998693,MXR Distortion Plus,100%,NA,
2067.1875,-0.06020799999999937,MXR Distortion Plus,100%,NA,
2110.253906,0.2571919999999963,MXR Distortion Plus,100%,NA,
2153.320312,-0.47523400000000393,MXR Distortion Plus,100%,NA,
2196.386719,-0.3319979999999987,MXR Distortion Plus,100%,NA,
2239.453125,0.4597689999999979,MXR Distortion Plus,100%,NA,
2282.519531,-0.03821299999999894,MXR Distortion Plus,100%,NA,
2325.585938,-0.2147509999999997,MXR Distortion Plus,100%,NA,
2368.652344,0.6721849999999989,MXR Distortion Plus,100%,NA,
2411.71875,0.0059689999999967824,MXR Distortion Plus,100%,NA,
2454.785156,0.6552970000000009,MXR Distortion Plus,100%,NA,
2497.851562,0.9413789999999977,MXR Distortion Plus,100%,NA,
2540.917969,1.2800619999999974,MXR Distortion Plus,100%,NA,
2583.984375,-0.18072500000000247,MXR Distortion Plus,100%,NA,
2627.050781,-1.2348719999999993,MXR Distortion Plus,100%,NA,
2670.117188,-0.9707200000000036,MXR Distortion Plus,100%,NA,
2713.183594,-0.27483099999999894,MXR Distortion Plus,100%,NA,
2756.25,-0.30745100000000036,MXR Distortion Plus,100%,NA,
2799.316406,-1.118698000000002,MXR Distortion Plus,100%,NA,
2842.382812,-0.833833000000002,MXR Distortion Plus,100%,NA,
2885.449219,-0.825839000000002,MXR Distortion Plus,100%,NA,
2928.515625,-0.27529300000000134,MXR Distortion Plus,100%,NA,
2971.582031,-0.3437650000000012,MXR Distortion Plus,100%,NA,
3014.648438,-0.9324910000000024,MXR Distortion Plus,100%,NA,
3057.714844,-0.9575570000000013,MXR Distortion Plus,100%,NA,
3100.78125,-0.49833100000000385,MXR Distortion Plus,100%,NA,
3143.847656,-0.5840220000000009,MXR Distortion Plus,100%,NA,
3186.914062,-0.30783699999999925,MXR Distortion Plus,100%,NA,
3229.980469,-0.08152300000000068,MXR Distortion Plus,100%,NA,
3273.046875,0.49511199999999533,MXR Distortion Plus,100%,NA,
3316.113281,-0.05760800000000188,MXR Distortion Plus,100%,NA,
3359.179688,-1.5199250000000006,MXR Distortion Plus,100%,NA,
3402.246094,-1.7543250000000015,MXR Distortion Plus,100%,NA,
3445.3125,-1.1011230000000012,MXR Distortion Plus,100%,NA,
3488.378906,-0.8383590000000041,MXR Distortion Plus,100%,NA,
3531.445312,-1.379874000000001,MXR Distortion Plus,100%,NA,
3574.511719,-1.4916680000000007,MXR Distortion Plus,100%,NA,
3617.578125,-0.36267600000000044,MXR Distortion Plus,100%,NA,
3660.644531,-0.5601450000000021,MXR Distortion Plus,100%,NA,
3703.710938,-0.2957490000000007,MXR Distortion Plus,100%,NA,
3746.777344,-0.018927999999998946,MXR Distortion Plus,100%,NA,
3789.84375,0.29703199999999796,MXR Distortion Plus,100%,NA,
3832.910156,-0.3375710000000005,MXR Distortion Plus,100%,NA,
3875.976562,-0.3563260000000028,MXR Distortion Plus,100%,NA,
3919.042969,0.37386499999999856,MXR Distortion Plus,100%,NA,
3962.109375,0.37697499999999806,MXR Distortion Plus,100%,NA,
4005.175781,-0.04830100000000215,MXR Distortion Plus,100%,NA,
4048.242188,-0.789989000000002,MXR Distortion Plus,100%,NA,
4091.308594,-0.588592000000002,MXR Distortion Plus,100%,NA,
4134.375,-1.0912960000000034,MXR Distortion Plus,100%,NA,
4177.441406,-1.5348260000000025,MXR Distortion Plus,100%,NA,
4220.507812,-1.8382600000000018,MXR Distortion Plus,100%,NA,
4263.574219,-0.6520820000000036,MXR Distortion Plus,100%,NA,
4306.640625,-1.3051070000000031,MXR Distortion Plus,100%,NA,
4349.707031,-0.8069940000000031,MXR Distortion Plus,100%,NA,
4392.773438,-1.1793680000000002,MXR Distortion Plus,100%,NA,
4435.839844,-0.7734839999999998,MXR Distortion Plus,100%,NA,
4478.90625,-1.154162000000003,MXR Distortion Plus,100%,NA,
4521.972656,-1.3030490000000015,MXR Distortion Plus,100%,NA,
4565.039062,-1.7924820000000032,MXR Distortion Plus,100%,NA,
4608.105469,-0.9507919999999999,MXR Distortion Plus,100%,NA,
4651.171875,-0.407586000000002,MXR Distortion Plus,100%,NA,
4694.238281,-1.757707,MXR Distortion Plus,100%,NA,
4737.304688,-0.9221010000000014,MXR Distortion Plus,100%,NA,
4780.371094,-0.6350530000000028,MXR Distortion Plus,100%,NA,
4823.4375,-0.7372930000000011,MXR Distortion Plus,100%,NA,
4866.503906,0.16635599999999684,MXR Distortion Plus,100%,NA,
4909.570312,-0.8219209999999997,MXR Distortion Plus,100%,NA,
4952.636719,-2.2687220000000003,MXR Distortion Plus,100%,NA,
4995.703125,-1.6581580000000038,MXR Distortion Plus,100%,NA,
5038.769531,-0.7081900000000019,MXR Distortion Plus,100%,NA,
5081.835938,-0.3318990000000035,MXR Distortion Plus,100%,NA,
5124.902344,-0.9941780000000016,MXR Distortion Plus,100%,NA,
5167.96875,-1.6960310000000014,MXR Distortion Plus,100%,NA,
5211.035156,-1.4002310000000016,MXR Distortion Plus,100%,NA,
5254.101562,-0.9532090000000011,MXR Distortion Plus,100%,NA,
5297.167969,-1.0234820000000013,MXR Distortion Plus,100%,NA,
5340.234375,-1.3195070000000015,MXR Distortion Plus,100%,NA,
5383.300781,-1.0995869999999996,MXR Distortion Plus,100%,NA,
5426.367188,-1.149472000000003,MXR Distortion Plus,100%,NA,
5469.433594,-0.33551200000000136,MXR Distortion Plus,100%,NA,
5512.5,-1.097089000000004,MXR Distortion Plus,100%,NA,
5555.566406,-1.3276250000000012,MXR Distortion Plus,100%,NA,
5598.632812,-1.7979140000000022,MXR Distortion Plus,100%,NA,
5641.699219,-1.7363060000000026,MXR Distortion Plus,100%,NA,
5684.765625,-1.0386520000000026,MXR Distortion Plus,100%,NA,
5727.832031,-0.9282029999999999,MXR Distortion Plus,100%,NA,
5770.898438,-1.1361690000000024,MXR Distortion Plus,100%,NA,
5813.964844,-1.5940010000000022,MXR Distortion Plus,100%,NA,
5857.03125,-1.2049280000000024,MXR Distortion Plus,100%,NA,
5900.097656,-0.34491500000000386,MXR Distortion Plus,100%,NA,
5943.164062,-0.9872830000000015,MXR Distortion Plus,100%,NA,
5986.230469,-1.9626760000000019,MXR Distortion Plus,100%,NA,
6029.296875,-1.4559590000000036,MXR Distortion Plus,100%,NA,
6072.363281,-1.5727430000000027,MXR Distortion Plus,100%,NA,
6115.429688,-1.643184999999999,MXR Distortion Plus,100%,NA,
6158.496094,-1.1763540000000035,MXR Distortion Plus,100%,NA,
6201.5625,-1.470799000000003,MXR Distortion Plus,100%,NA,
6244.628906,-1.7591420000000006,MXR Distortion Plus,100%,NA,
6287.695312,-1.773337000000005,MXR Distortion Plus,100%,NA,
6330.761719,-1.3761680000000034,MXR Distortion Plus,100%,NA,
6373.828125,-1.965318,MXR Distortion Plus,100%,NA,
6416.894531,-2.151639000000003,MXR Distortion Plus,100%,NA,
6459.960938,-2.4352030000000013,MXR Distortion Plus,100%,NA,
6503.027344,-1.3261809999999983,MXR Distortion Plus,100%,NA,
6546.09375,-1.794121000000004,MXR Distortion Plus,100%,NA,
6589.160156,-2.0720030000000023,MXR Distortion Plus,100%,NA,
6632.226562,-1.0708650000000013,MXR Distortion Plus,100%,NA,
6675.292969,-1.642833000000003,MXR Distortion Plus,100%,NA,
6718.359375,-1.9349490000000031,MXR Distortion Plus,100%,NA,
6761.425781,-1.6672910000000023,MXR Distortion Plus,100%,NA,
6804.492188,-1.9142590000000048,MXR Distortion Plus,100%,NA,
6847.558594,-1.468936000000003,MXR Distortion Plus,100%,NA,
6890.625,-1.9827390000000022,MXR Distortion Plus,100%,NA,
6933.691406,-3.3489220000000017,MXR Distortion Plus,100%,NA,
6976.757812,-1.983151000000003,MXR Distortion Plus,100%,NA,
7019.824219,-1.243115000000003,MXR Distortion Plus,100%,NA,
7062.890625,-1.9053470000000026,MXR Distortion Plus,100%,NA,
7105.957031,-1.9743040000000036,MXR Distortion Plus,100%,NA,
7149.023438,-1.8353460000000013,MXR Distortion Plus,100%,NA,
7192.089844,-2.910062,MXR Distortion Plus,100%,NA,
7235.15625,-2.3557270000000017,MXR Distortion Plus,100%,NA,
7278.222656,-2.013307000000001,MXR Distortion Plus,100%,NA,
7321.289062,-1.6791130000000045,MXR Distortion Plus,100%,NA,
7364.355469,-2.358777,MXR Distortion Plus,100%,NA,
7407.421875,-2.884799000000001,MXR Distortion Plus,100%,NA,
7450.488281,-3.074066000000002,MXR Distortion Plus,100%,NA,
7493.554688,-1.6033360000000059,MXR Distortion Plus,100%,NA,
7536.621094,-1.3375900000000023,MXR Distortion Plus,100%,NA,
7579.6875,-1.8893789999999981,MXR Distortion Plus,100%,NA,
7622.753906,-2.2068249999999985,MXR Distortion Plus,100%,NA,
7665.820312,-2.891641000000007,MXR Distortion Plus,100%,NA,
7708.886719,-2.649152000000001,MXR Distortion Plus,100%,NA,
7751.953125,-2.0252490000000023,MXR Distortion Plus,100%,NA,
7795.019531,-2.9421190000000017,MXR Distortion Plus,100%,NA,
7838.085938,-2.9799480000000003,MXR Distortion Plus,100%,NA,
7881.152344,-3.2875380000000014,MXR Distortion Plus,100%,NA,
7924.21875,-3.874227000000001,MXR Distortion Plus,100%,NA,
7967.285156,-2.641937000000002,MXR Distortion Plus,100%,NA,
8010.351562,-2.053684000000004,MXR Distortion Plus,100%,NA,
8053.417969,-3.0531420000000047,MXR Distortion Plus,100%,NA,
8096.484375,-2.575473000000006,MXR Distortion Plus,100%,NA,
8139.550781,-2.2030810000000045,MXR Distortion Plus,100%,NA,
8182.617188,-2.8122650000000036,MXR Distortion Plus,100%,NA,
8225.683594,-2.977588000000001,MXR Distortion Plus,100%,NA,
8268.75,-3.7103469999999987,MXR Distortion Plus,100%,NA,
8311.816406,-4.283067000000003,MXR Distortion Plus,100%,NA,
8354.882812,-3.1485800000000026,MXR Distortion Plus,100%,NA,
8397.949219,-3.0088170000000005,MXR Distortion Plus,100%,NA,
8441.015625,-2.947338000000002,MXR Distortion Plus,100%,NA,
8484.082031,-2.510341000000004,MXR Distortion Plus,100%,NA,
8527.148438,-2.5695489999999985,MXR Distortion Plus,100%,NA,
8570.214844,-2.5160610000000005,MXR Distortion Plus,100%,NA,
8613.28125,-2.8021230000000052,MXR Distortion Plus,100%,NA,
8656.347656,-3.2025209999999973,MXR Distortion Plus,100%,NA,
8699.414062,-2.1333720000000014,MXR Distortion Plus,100%,NA,
8742.480469,-2.3009090000000008,MXR Distortion Plus,100%,NA,
8785.546875,-3.0695970000000017,MXR Distortion Plus,100%,NA,
8828.613281,-3.626090999999999,MXR Distortion Plus,100%,NA,
8871.679688,-3.148372000000002,MXR Distortion Plus,100%,NA,
8914.746094,-2.665011,MXR Distortion Plus,100%,NA,
8957.8125,-2.932330000000004,MXR Distortion Plus,100%,NA,
9000.878906,-3.1818929999999988,MXR Distortion Plus,100%,NA,
9043.945312,-3.833485000000003,MXR Distortion Plus,100%,NA,
9087.011719,-2.9681029999999993,MXR Distortion Plus,100%,NA,
9130.078125,-3.0195669999999986,MXR Distortion Plus,100%,NA,
9173.144531,-2.9863789999999995,MXR Distortion Plus,100%,NA,
9216.210938,-3.2600840000000026,MXR Distortion Plus,100%,NA,
9259.277344,-4.016985999999999,MXR Distortion Plus,100%,NA,
9302.34375,-3.6905910000000013,MXR Distortion Plus,100%,NA,
9345.410156,-2.839694000000005,MXR Distortion Plus,100%,NA,
9388.476562,-3.3534560000000013,MXR Distortion Plus,100%,NA,
9431.542969,-3.7218969999999985,MXR Distortion Plus,100%,NA,
9474.609375,-3.447299000000001,MXR Distortion Plus,100%,NA,
9517.675781,-3.2079160000000044,MXR Distortion Plus,100%,NA,
9560.742188,-3.9237670000000016,MXR Distortion Plus,100%,NA,
9603.808594,-3.8953050000000005,MXR Distortion Plus,100%,NA,
9646.875,-3.7776369999999986,MXR Distortion Plus,100%,NA,
9689.941406,-3.5921390000000066,MXR Distortion Plus,100%,NA,
9733.007812,-3.298789000000003,MXR Distortion Plus,100%,NA,
9776.074219,-3.831997000000001,MXR Distortion Plus,100%,NA,
9819.140625,-4.376506000000003,MXR Distortion Plus,100%,NA,
9862.207031,-4.407981000000007,MXR Distortion Plus,100%,NA,
9905.273438,-3.7447960000000045,MXR Distortion Plus,100%,NA,
9948.339844,-3.2080190000000037,MXR Distortion Plus,100%,NA,
9991.40625,-3.8333809999999993,MXR Distortion Plus,100%,NA,
10034.472656,-3.547271000000002,MXR Distortion Plus,100%,NA,
10077.539062,-3.107877000000002,MXR Distortion Plus,100%,NA,
10120.605469,-2.690791000000001,MXR Distortion Plus,100%,NA,
10163.671875,-2.7521070000000023,MXR Distortion Plus,100%,NA,
10206.738281,-2.874971000000002,MXR Distortion Plus,100%,NA,
10249.804688,-2.5813179999999996,MXR Distortion Plus,100%,NA,
10292.871094,-3.633836000000006,MXR Distortion Plus,100%,NA,
10335.9375,-4.763295000000003,MXR Distortion Plus,100%,NA,
10379.003906,-4.617155000000004,MXR Distortion Plus,100%,NA,
10422.070312,-3.810094000000003,MXR Distortion Plus,100%,NA,
10465.136719,-3.575786000000001,MXR Distortion Plus,100%,NA,
10508.203125,-3.2531770000000044,MXR Distortion Plus,100%,NA,
10551.269531,-3.272321000000005,MXR Distortion Plus,100%,NA,
10594.335938,-3.7040090000000028,MXR Distortion Plus,100%,NA,
10637.402344,-4.135044000000001,MXR Distortion Plus,100%,NA,
10680.46875,-3.987165000000001,MXR Distortion Plus,100%,NA,
10723.535156,-3.7679230000000032,MXR Distortion Plus,100%,NA,
10766.601562,-3.428027,MXR Distortion Plus,100%,NA,
10809.667969,-4.580113999999998,MXR Distortion Plus,100%,NA,
10852.734375,-4.515716000000005,MXR Distortion Plus,100%,NA,
10895.800781,-4.066019999999998,MXR Distortion Plus,100%,NA,
10938.867188,-3.248445000000004,MXR Distortion Plus,100%,NA,
10981.933594,-3.0444689999999994,MXR Distortion Plus,100%,NA,
11025,-3.4323359999999994,MXR Distortion Plus,100%,NA,
11068.066406,-4.063695000000003,MXR Distortion Plus,100%,NA,
11111.132812,-4.062419000000002,MXR Distortion Plus,100%,NA,
11154.199219,-3.761469999999999,MXR Distortion Plus,100%,NA,
11197.265625,-3.993769999999998,MXR Distortion Plus,100%,NA,
11240.332031,-3.9499580000000023,MXR Distortion Plus,100%,NA,
11283.398438,-3.607541000000001,MXR Distortion Plus,100%,NA,
11326.464844,-4.142135,MXR Distortion Plus,100%,NA,
11369.53125,-3.2539630000000024,MXR Distortion Plus,100%,NA,
11412.597656,-3.1030669999999994,MXR Distortion Plus,100%,NA,
11455.664062,-4.374885000000003,MXR Distortion Plus,100%,NA,
11498.730469,-4.749339000000003,MXR Distortion Plus,100%,NA,
11541.796875,-4.305231000000003,MXR Distortion Plus,100%,NA,
11584.863281,-4.102708000000003,MXR Distortion Plus,100%,NA,
11627.929688,-4.623811,MXR Distortion Plus,100%,NA,
11670.996094,-4.505826000000006,MXR Distortion Plus,100%,NA,
11714.0625,-4.383897000000005,MXR Distortion Plus,100%,NA,
11757.128906,-4.473216000000001,MXR Distortion Plus,100%,NA,
11800.195312,-5.268577000000004,MXR Distortion Plus,100%,NA,
11843.261719,-4.966449000000001,MXR Distortion Plus,100%,NA,
11886.328125,-5.101256000000003,MXR Distortion Plus,100%,NA,
11929.394531,-5.080434,MXR Distortion Plus,100%,NA,
11972.460938,-4.668361000000004,MXR Distortion Plus,100%,NA,
12015.527344,-4.137502000000001,MXR Distortion Plus,100%,NA,
12058.59375,-3.967135000000006,MXR Distortion Plus,100%,NA,
12101.660156,-3.3511400000000044,MXR Distortion Plus,100%,NA,
12144.726562,-4.072203999999999,MXR Distortion Plus,100%,NA,
12187.792969,-4.297179000000003,MXR Distortion Plus,100%,NA,
12230.859375,-3.553063999999999,MXR Distortion Plus,100%,NA,
12273.925781,-3.726934,MXR Distortion Plus,100%,NA,
12316.992188,-4.024433000000002,MXR Distortion Plus,100%,NA,
12360.058594,-4.382606000000003,MXR Distortion Plus,100%,NA,
12403.125,-3.2810960000000016,MXR Distortion Plus,100%,NA,
12446.191406,-3.318925,MXR Distortion Plus,100%,NA,
12489.257812,-4.444329000000003,MXR Distortion Plus,100%,NA,
12532.324219,-4.566558000000001,MXR Distortion Plus,100%,NA,
12575.390625,-3.994332,MXR Distortion Plus,100%,NA,
12618.457031,-3.6972650000000016,MXR Distortion Plus,100%,NA,
12661.523438,-4.571711000000004,MXR Distortion Plus,100%,NA,
12704.589844,-5.030106,MXR Distortion Plus,100%,NA,
12747.65625,-4.553861000000005,MXR Distortion Plus,100%,NA,
12790.722656,-5.014326999999998,MXR Distortion Plus,100%,NA,
12833.789062,-4.091893000000006,MXR Distortion Plus,100%,NA,
12876.855469,-4.1900569999999995,MXR Distortion Plus,100%,NA,
12919.921875,-4.3038710000000044,MXR Distortion Plus,100%,NA,
12962.988281,-4.294846,MXR Distortion Plus,100%,NA,
13006.054688,-4.539978999999999,MXR Distortion Plus,100%,NA,
13049.121094,-4.9693809999999985,MXR Distortion Plus,100%,NA,
13092.1875,-4.6565980000000025,MXR Distortion Plus,100%,NA,
13135.253906,-4.633887000000005,MXR Distortion Plus,100%,NA,
13178.320312,-4.026845000000005,MXR Distortion Plus,100%,NA,
13221.386719,-4.634727000000002,MXR Distortion Plus,100%,NA,
13264.453125,-5.059283000000001,MXR Distortion Plus,100%,NA,
13307.519531,-5.292564000000002,MXR Distortion Plus,100%,NA,
13350.585938,-4.394435000000005,MXR Distortion Plus,100%,NA,
13393.652344,-3.8010550000000016,MXR Distortion Plus,100%,NA,
13436.71875,-4.2044669999999975,MXR Distortion Plus,100%,NA,
13479.785156,-3.806152000000008,MXR Distortion Plus,100%,NA,
13522.851562,-4.339679,MXR Distortion Plus,100%,NA,
13565.917969,-4.993339000000002,MXR Distortion Plus,100%,NA,
13608.984375,-4.949836000000001,MXR Distortion Plus,100%,NA,
13652.050781,-4.790660000000006,MXR Distortion Plus,100%,NA,
13695.117188,-5.4366260000000075,MXR Distortion Plus,100%,NA,
13738.183594,-5.319702000000003,MXR Distortion Plus,100%,NA,
13781.25,-5.245582000000002,MXR Distortion Plus,100%,NA,
13824.316406,-5.154068000000006,MXR Distortion Plus,100%,NA,
13867.382812,-4.951781999999998,MXR Distortion Plus,100%,NA,
13910.449219,-4.661937000000005,MXR Distortion Plus,100%,NA,
13953.515625,-4.590720000000001,MXR Distortion Plus,100%,NA,
13996.582031,-5.320232000000001,MXR Distortion Plus,100%,NA,
14039.648438,-5.065272000000004,MXR Distortion Plus,100%,NA,
14082.714844,-4.236365000000003,MXR Distortion Plus,100%,NA,
14125.78125,-4.443884999999998,MXR Distortion Plus,100%,NA,
14168.847656,-5.034068000000001,MXR Distortion Plus,100%,NA,
14211.914062,-4.545683999999998,MXR Distortion Plus,100%,NA,
14254.980469,-4.485126000000005,MXR Distortion Plus,100%,NA,
14298.046875,-5.662235000000006,MXR Distortion Plus,100%,NA,
14341.113281,-5.180975999999998,MXR Distortion Plus,100%,NA,
14384.179688,-4.693328000000005,MXR Distortion Plus,100%,NA,
14427.246094,-4.650653000000002,MXR Distortion Plus,100%,NA,
14470.3125,-5.026239999999998,MXR Distortion Plus,100%,NA,
14513.378906,-4.990405000000006,MXR Distortion Plus,100%,NA,
14556.445312,-5.090022000000001,MXR Distortion Plus,100%,NA,
14599.511719,-4.995525000000004,MXR Distortion Plus,100%,NA,
14642.578125,-5.410174000000001,MXR Distortion Plus,100%,NA,
14685.644531,-5.252996999999997,MXR Distortion Plus,100%,NA,
14728.710938,-5.2249289999999995,MXR Distortion Plus,100%,NA,
14771.777344,-5.498374999999999,MXR Distortion Plus,100%,NA,
14814.84375,-5.017241000000002,MXR Distortion Plus,100%,NA,
14857.910156,-4.9356490000000015,MXR Distortion Plus,100%,NA,
14900.976562,-4.682098000000007,MXR Distortion Plus,100%,NA,
14944.042969,-4.745245999999998,MXR Distortion Plus,100%,NA,
14987.109375,-5.491550000000007,MXR Distortion Plus,100%,NA,
15030.175781,-5.808048000000003,MXR Distortion Plus,100%,NA,
15073.242188,-5.522684999999999,MXR Distortion Plus,100%,NA,
15116.308594,-5.068176000000005,MXR Distortion Plus,100%,NA,
15159.375,-4.592921999999998,MXR Distortion Plus,100%,NA,
15202.441406,-5.000343000000004,MXR Distortion Plus,100%,NA,
15245.507812,-4.7316579999999995,MXR Distortion Plus,100%,NA,
15288.574219,-5.901237000000005,MXR Distortion Plus,100%,NA,
15331.640625,-5.760413000000003,MXR Distortion Plus,100%,NA,
15374.707031,-4.129363999999999,MXR Distortion Plus,100%,NA,
15417.773438,-4.992794,MXR Distortion Plus,100%,NA,
15460.839844,-5.747917000000005,MXR Distortion Plus,100%,NA,
15503.90625,-5.579105000000002,MXR Distortion Plus,100%,NA,
15546.972656,-5.564101000000004,MXR Distortion Plus,100%,NA,
15590.039062,-5.263847000000002,MXR Distortion Plus,100%,NA,
15633.105469,-5.778304000000002,MXR Distortion Plus,100%,NA,
15676.171875,-6.017679999999995,MXR Distortion Plus,100%,NA,
15719.238281,-5.025805999999999,MXR Distortion Plus,100%,NA,
15762.304688,-4.870296,MXR Distortion Plus,100%,NA,
15805.371094,-5.674128000000007,MXR Distortion Plus,100%,NA,
15848.4375,-6.020751000000001,MXR Distortion Plus,100%,NA,
15891.503906,-5.588001000000002,MXR Distortion Plus,100%,NA,
15934.570312,-5.569980000000005,MXR Distortion Plus,100%,NA,
15977.636719,-5.935424000000001,MXR Distortion Plus,100%,NA,
16020.703125,-4.7596390000000035,MXR Distortion Plus,100%,NA,
16063.769531,-5.315902000000005,MXR Distortion Plus,100%,NA,
16106.835938,-5.875915000000003,MXR Distortion Plus,100%,NA,
16149.902344,-6.686378000000001,MXR Distortion Plus,100%,NA,
16192.96875,-6.841240000000003,MXR Distortion Plus,100%,NA,
16236.035156,-6.902026000000003,MXR Distortion Plus,100%,NA,
16279.101562,-6.294028000000001,MXR Distortion Plus,100%,NA,
16322.167969,-5.987968000000006,MXR Distortion Plus,100%,NA,
16365.234375,-6.0524550000000055,MXR Distortion Plus,100%,NA,
16408.300781,-5.5596270000000025,MXR Distortion Plus,100%,NA,
16451.367188,-5.588962000000006,MXR Distortion Plus,100%,NA,
16494.433594,-6.125079000000003,MXR Distortion Plus,100%,NA,
16537.5,-6.5477370000000015,MXR Distortion Plus,100%,NA,
16580.566406,-6.310321000000005,MXR Distortion Plus,100%,NA,
16623.632812,-6.353752000000004,MXR Distortion Plus,100%,NA,
16666.699219,-5.649063000000002,MXR Distortion Plus,100%,NA,
16709.765625,-5.922805,MXR Distortion Plus,100%,NA,
16752.832031,-6.451696999999999,MXR Distortion Plus,100%,NA,
16795.898438,-6.558024999999997,MXR Distortion Plus,100%,NA,
16838.964844,-6.229281000000004,MXR Distortion Plus,100%,NA,
16882.03125,-5.772957000000002,MXR Distortion Plus,100%,NA,
16925.097656,-6.102385999999999,MXR Distortion Plus,100%,NA,
16968.164062,-5.932704000000005,MXR Distortion Plus,100%,NA,
17011.230469,-5.686689999999995,MXR Distortion Plus,100%,NA,
17054.296875,-5.855453000000001,MXR Distortion Plus,100%,NA,
17097.363281,-5.445312000000005,MXR Distortion Plus,100%,NA,
17140.429688,-5.247145000000007,MXR Distortion Plus,100%,NA,
17183.496094,-5.933951000000004,MXR Distortion Plus,100%,NA,
17226.5625,-5.703208,MXR Distortion Plus,100%,NA,
17269.628906,-5.1557720000000025,MXR Distortion Plus,100%,NA,
17312.695312,-5.266311000000005,MXR Distortion Plus,100%,NA,
17355.761719,-5.034125999999997,MXR Distortion Plus,100%,NA,
17398.828125,-5.447589000000004,MXR Distortion Plus,100%,NA,
17441.894531,-6.751887000000007,MXR Distortion Plus,100%,NA,
17484.960938,-7.399250000000006,MXR Distortion Plus,100%,NA,
17528.027344,-6.606021000000002,MXR Distortion Plus,100%,NA,
17571.09375,-6.465616999999998,MXR Distortion Plus,100%,NA,
17614.160156,-6.049216000000005,MXR Distortion Plus,100%,NA,
17657.226562,-5.719409000000002,MXR Distortion Plus,100%,NA,
17700.292969,-6.381980000000002,MXR Distortion Plus,100%,NA,
17743.359375,-6.850024000000001,MXR Distortion Plus,100%,NA,
17786.425781,-5.989471000000005,MXR Distortion Plus,100%,NA,
17829.492188,-6.309192000000007,MXR Distortion Plus,100%,NA,
17872.558594,-6.875514000000006,MXR Distortion Plus,100%,NA,
17915.625,-6.206600000000005,MXR Distortion Plus,100%,NA,
17958.691406,-5.903911000000004,MXR Distortion Plus,100%,NA,
18001.757812,-5.599311000000004,MXR Distortion Plus,100%,NA,
18044.824219,-5.875097999999998,MXR Distortion Plus,100%,NA,
18087.890625,-5.501880000000003,MXR Distortion Plus,100%,NA,
18130.957031,-6.173857999999999,MXR Distortion Plus,100%,NA,
18174.023438,-5.827488000000006,MXR Distortion Plus,100%,NA,
18217.089844,-5.708175000000001,MXR Distortion Plus,100%,NA,
18260.15625,-5.670321000000005,MXR Distortion Plus,100%,NA,
18303.222656,-5.310435000000002,MXR Distortion Plus,100%,NA,
18346.289062,-6.8434220000000074,MXR Distortion Plus,100%,NA,
18389.355469,-7.560447,MXR Distortion Plus,100%,NA,
18432.421875,-6.429957000000005,MXR Distortion Plus,100%,NA,
18475.488281,-6.208117000000005,MXR Distortion Plus,100%,NA,
18518.554688,-5.765302999999999,MXR Distortion Plus,100%,NA,
18561.621094,-5.959906999999998,MXR Distortion Plus,100%,NA,
18604.6875,-6.052230000000005,MXR Distortion Plus,100%,NA,
18647.753906,-5.032394,MXR Distortion Plus,100%,NA,
18690.820312,-5.113105000000001,MXR Distortion Plus,100%,NA,
18733.886719,-6.309764000000005,MXR Distortion Plus,100%,NA,
18776.953125,-7.174583000000002,MXR Distortion Plus,100%,NA,
18820.019531,-7.0081020000000045,MXR Distortion Plus,100%,NA,
18863.085938,-6.563285000000004,MXR Distortion Plus,100%,NA,
18906.152344,-7.113485999999998,MXR Distortion Plus,100%,NA,
18949.21875,-6.617588000000001,MXR Distortion Plus,100%,NA,
18992.285156,-6.621073999999997,MXR Distortion Plus,100%,NA,
19035.351562,-6.362894999999998,MXR Distortion Plus,100%,NA,
19078.417969,-5.8083300000000015,MXR Distortion Plus,100%,NA,
19121.484375,-7.156673000000001,MXR Distortion Plus,100%,NA,
19164.550781,-7.3824799999999975,MXR Distortion Plus,100%,NA,
19207.617188,-7.146991000000003,MXR Distortion Plus,100%,NA,
19250.683594,-7.150694999999995,MXR Distortion Plus,100%,NA,
19293.75,-5.6110679999999995,MXR Distortion Plus,100%,NA,
19336.816406,-5.584968000000007,MXR Distortion Plus,100%,NA,
19379.882812,-7.366989,MXR Distortion Plus,100%,NA,
19422.949219,-7.333791999999999,MXR Distortion Plus,100%,NA,
19466.015625,-6.951453000000004,MXR Distortion Plus,100%,NA,
19509.082031,-6.974627999999999,MXR Distortion Plus,100%,NA,
19552.148438,-7.840571000000008,MXR Distortion Plus,100%,NA,
19595.214844,-7.000686000000005,MXR Distortion Plus,100%,NA,
19638.28125,-6.3409530000000025,MXR Distortion Plus,100%,NA,
19681.347656,-7.133113000000005,MXR Distortion Plus,100%,NA,
19724.414062,-7.361030000000003,MXR Distortion Plus,100%,NA,
19767.480469,-7.066497000000002,MXR Distortion Plus,100%,NA,
19810.546875,-6.119861000000004,MXR Distortion Plus,100%,NA,
19853.613281,-6.691703,MXR Distortion Plus,100%,NA,
19896.679688,-6.537752999999999,MXR Distortion Plus,100%,NA,
19939.746094,-7.052783000000002,MXR Distortion Plus,100%,NA,
19982.8125,-7.385248999999998,MXR Distortion Plus,100%,NA,
43.066406,-13.308026000000002,MXR Distortion Plus,50%,NA,
86.132812,-7.908921000000001,MXR Distortion Plus,50%,NA,
129.199219,-5.4605580000000025,MXR Distortion Plus,50%,NA,
172.265625,-6.243792000000003,MXR Distortion Plus,50%,NA,
215.332031,-5.307607000000004,MXR Distortion Plus,50%,NA,
258.398438,-5.241589000000003,MXR Distortion Plus,50%,NA,
301.464844,-4.605690000000003,MXR Distortion Plus,50%,NA,
344.53125,-4.570671000000001,MXR Distortion Plus,50%,NA,
387.597656,-4.818983000000003,MXR Distortion Plus,50%,NA,
430.664062,-4.883904000000001,MXR Distortion Plus,50%,NA,
473.730469,-4.213521,MXR Distortion Plus,50%,NA,
516.796875,-4.136867000000002,MXR Distortion Plus,50%,NA,
559.863281,-4.153262000000002,MXR Distortion Plus,50%,NA,
602.929688,-3.8850450000000016,MXR Distortion Plus,50%,NA,
645.996094,-4.072865000000004,MXR Distortion Plus,50%,NA,
689.0625,-4.649217000000004,MXR Distortion Plus,50%,NA,
732.128906,-4.665715000000002,MXR Distortion Plus,50%,NA,
775.195312,-4.538203000000003,MXR Distortion Plus,50%,NA,
818.261719,-4.9310860000000005,MXR Distortion Plus,50%,NA,
861.328125,-4.434604000000004,MXR Distortion Plus,50%,NA,
904.394531,-4.011197000000003,MXR Distortion Plus,50%,NA,
947.460938,-4.246750000000002,MXR Distortion Plus,50%,NA,
990.527344,-3.989911000000003,MXR Distortion Plus,50%,NA,
1033.59375,-3.191892000000003,MXR Distortion Plus,50%,NA,
1076.660156,-3.441167,MXR Distortion Plus,50%,NA,
1119.726562,-3.852020000000003,MXR Distortion Plus,50%,NA,
1162.792969,-3.891408000000002,MXR Distortion Plus,50%,NA,
1205.859375,-4.341655000000003,MXR Distortion Plus,50%,NA,
1248.925781,-4.156452999999999,MXR Distortion Plus,50%,NA,
1291.992188,-3.6280820000000027,MXR Distortion Plus,50%,NA,
1335.058594,-3.663328,MXR Distortion Plus,50%,NA,
1378.125,-3.0957040000000013,MXR Distortion Plus,50%,NA,
1421.191406,-2.8515450000000016,MXR Distortion Plus,50%,NA,
1464.257812,-2.805620000000001,MXR Distortion Plus,50%,NA,
1507.324219,-3.8161900000000024,MXR Distortion Plus,50%,NA,
1550.390625,-3.895856000000002,MXR Distortion Plus,50%,NA,
1593.457031,-3.505332000000003,MXR Distortion Plus,50%,NA,
1636.523438,-4.0581220000000044,MXR Distortion Plus,50%,NA,
1679.589844,-3.818925,MXR Distortion Plus,50%,NA,
1722.65625,-3.2916900000000027,MXR Distortion Plus,50%,NA,
1765.722656,-3.7415510000000047,MXR Distortion Plus,50%,NA,
1808.789062,-3.834067000000001,MXR Distortion Plus,50%,NA,
1851.855469,-4.458413,MXR Distortion Plus,50%,NA,
1894.921875,-4.384425000000004,MXR Distortion Plus,50%,NA,
1937.988281,-4.444292000000001,MXR Distortion Plus,50%,NA,
1981.054688,-4.0809590000000036,MXR Distortion Plus,50%,NA,
2024.121094,-3.491956000000002,MXR Distortion Plus,50%,NA,
2067.1875,-3.296399000000001,MXR Distortion Plus,50%,NA,
2110.253906,-3.5988340000000036,MXR Distortion Plus,50%,NA,
2153.320312,-4.599042000000004,MXR Distortion Plus,50%,NA,
2196.386719,-4.110082000000002,MXR Distortion Plus,50%,NA,
2239.453125,-3.875194000000004,MXR Distortion Plus,50%,NA,
2282.519531,-3.5499229999999997,MXR Distortion Plus,50%,NA,
2325.585938,-3.8089329999999997,MXR Distortion Plus,50%,NA,
2368.652344,-3.4011920000000018,MXR Distortion Plus,50%,NA,
2411.71875,-4.207353000000005,MXR Distortion Plus,50%,NA,
2454.785156,-3.2197640000000014,MXR Distortion Plus,50%,NA,
2497.851562,-3.321816000000002,MXR Distortion Plus,50%,NA,
2540.917969,-3.7939370000000032,MXR Distortion Plus,50%,NA,
2583.984375,-3.9751410000000007,MXR Distortion Plus,50%,NA,
2627.050781,-4.313028000000003,MXR Distortion Plus,50%,NA,
2670.117188,-3.974427000000002,MXR Distortion Plus,50%,NA,
2713.183594,-3.9150980000000004,MXR Distortion Plus,50%,NA,
2756.25,-3.8347830000000016,MXR Distortion Plus,50%,NA,
2799.316406,-4.694375000000001,MXR Distortion Plus,50%,NA,
2842.382812,-3.9752280000000013,MXR Distortion Plus,50%,NA,
2885.449219,-3.210204000000001,MXR Distortion Plus,50%,NA,
2928.515625,-3.4890880000000024,MXR Distortion Plus,50%,NA,
2971.582031,-3.3918570000000017,MXR Distortion Plus,50%,NA,
3014.648438,-3.8135370000000037,MXR Distortion Plus,50%,NA,
3057.714844,-4.190342000000001,MXR Distortion Plus,50%,NA,
3100.78125,-3.271232000000005,MXR Distortion Plus,50%,NA,
3143.847656,-3.145743000000003,MXR Distortion Plus,50%,NA,
3186.914062,-4.071193000000001,MXR Distortion Plus,50%,NA,
3229.980469,-3.2233800000000024,MXR Distortion Plus,50%,NA,
3273.046875,-2.6077620000000046,MXR Distortion Plus,50%,NA,
3316.113281,-2.895978000000003,MXR Distortion Plus,50%,NA,
3359.179688,-4.253304,MXR Distortion Plus,50%,NA,
3402.246094,-4.277574000000001,MXR Distortion Plus,50%,NA,
3445.3125,-3.6890160000000023,MXR Distortion Plus,50%,NA,
3488.378906,-3.955948000000003,MXR Distortion Plus,50%,NA,
3531.445312,-4.711223,MXR Distortion Plus,50%,NA,
3574.511719,-4.243905000000002,MXR Distortion Plus,50%,NA,
3617.578125,-3.358438000000003,MXR Distortion Plus,50%,NA,
3660.644531,-3.3666960000000046,MXR Distortion Plus,50%,NA,
3703.710938,-3.1545510000000014,MXR Distortion Plus,50%,NA,
3746.777344,-2.7159380000000013,MXR Distortion Plus,50%,NA,
3789.84375,-3.2073590000000003,MXR Distortion Plus,50%,NA,
3832.910156,-3.3298270000000016,MXR Distortion Plus,50%,NA,
3875.976562,-3.2971770000000014,MXR Distortion Plus,50%,NA,
3919.042969,-2.7818310000000004,MXR Distortion Plus,50%,NA,
3962.109375,-2.904168000000002,MXR Distortion Plus,50%,NA,
4005.175781,-2.950837,MXR Distortion Plus,50%,NA,
4048.242188,-2.703248000000002,MXR Distortion Plus,50%,NA,
4091.308594,-2.331627000000001,MXR Distortion Plus,50%,NA,
4134.375,-3.152375000000003,MXR Distortion Plus,50%,NA,
4177.441406,-4.200830000000003,MXR Distortion Plus,50%,NA,
4220.507812,-4.151446,MXR Distortion Plus,50%,NA,
4263.574219,-2.969415000000005,MXR Distortion Plus,50%,NA,
4306.640625,-3.77487,MXR Distortion Plus,50%,NA,
4349.707031,-3.6461840000000016,MXR Distortion Plus,50%,NA,
4392.773438,-3.2556140000000013,MXR Distortion Plus,50%,NA,
4435.839844,-3.0469410000000003,MXR Distortion Plus,50%,NA,
4478.90625,-3.862718000000001,MXR Distortion Plus,50%,NA,
4521.972656,-3.414238000000001,MXR Distortion Plus,50%,NA,
4565.039062,-3.7778360000000006,MXR Distortion Plus,50%,NA,
4608.105469,-2.942693000000002,MXR Distortion Plus,50%,NA,
4651.171875,-3.047544000000002,MXR Distortion Plus,50%,NA,
4694.238281,-4.241843000000003,MXR Distortion Plus,50%,NA,
4737.304688,-4.256397000000003,MXR Distortion Plus,50%,NA,
4780.371094,-3.5360390000000024,MXR Distortion Plus,50%,NA,
4823.4375,-2.6163760000000025,MXR Distortion Plus,50%,NA,
4866.503906,-2.127284000000003,MXR Distortion Plus,50%,NA,
4909.570312,-3.2873660000000022,MXR Distortion Plus,50%,NA,
4952.636719,-3.8344640000000005,MXR Distortion Plus,50%,NA,
4995.703125,-3.7948790000000017,MXR Distortion Plus,50%,NA,
5038.769531,-3.0281880000000037,MXR Distortion Plus,50%,NA,
5081.835938,-2.6629580000000033,MXR Distortion Plus,50%,NA,
5124.902344,-3.439523000000001,MXR Distortion Plus,50%,NA,
5167.96875,-3.8617680000000014,MXR Distortion Plus,50%,NA,
5211.035156,-3.333767999999999,MXR Distortion Plus,50%,NA,
5254.101562,-2.972254000000003,MXR Distortion Plus,50%,NA,
5297.167969,-2.988536,MXR Distortion Plus,50%,NA,
5340.234375,-2.653564000000003,MXR Distortion Plus,50%,NA,
5383.300781,-3.1307940000000016,MXR Distortion Plus,50%,NA,
5426.367188,-3.3559200000000047,MXR Distortion Plus,50%,NA,
5469.433594,-3.2107400000000013,MXR Distortion Plus,50%,NA,
5512.5,-4.172893000000002,MXR Distortion Plus,50%,NA,
5555.566406,-3.9151680000000013,MXR Distortion Plus,50%,NA,
5598.632812,-3.4020540000000032,MXR Distortion Plus,50%,NA,
5641.699219,-3.0619690000000013,MXR Distortion Plus,50%,NA,
5684.765625,-3.2311210000000017,MXR Distortion Plus,50%,NA,
5727.832031,-3.186349,MXR Distortion Plus,50%,NA,
5770.898438,-3.747138000000003,MXR Distortion Plus,50%,NA,
5813.964844,-3.103824000000003,MXR Distortion Plus,50%,NA,
5857.03125,-3.1566740000000024,MXR Distortion Plus,50%,NA,
5900.097656,-2.0945640000000054,MXR Distortion Plus,50%,NA,
5943.164062,-2.700475000000001,MXR Distortion Plus,50%,NA,
5986.230469,-3.4707310000000042,MXR Distortion Plus,50%,NA,
6029.296875,-3.9416170000000044,MXR Distortion Plus,50%,NA,
6072.363281,-3.4941570000000013,MXR Distortion Plus,50%,NA,
6115.429688,-3.1385199999999998,MXR Distortion Plus,50%,NA,
6158.496094,-3.0582480000000025,MXR Distortion Plus,50%,NA,
6201.5625,-3.0453100000000006,MXR Distortion Plus,50%,NA,
6244.628906,-3.2992240000000024,MXR Distortion Plus,50%,NA,
6287.695312,-3.145629000000003,MXR Distortion Plus,50%,NA,
6330.761719,-2.5660580000000017,MXR Distortion Plus,50%,NA,
6373.828125,-2.9909280000000003,MXR Distortion Plus,50%,NA,
6416.894531,-3.057151000000001,MXR Distortion Plus,50%,NA,
6459.960938,-3.373185000000003,MXR Distortion Plus,50%,NA,
6503.027344,-2.589962,MXR Distortion Plus,50%,NA,
6546.09375,-2.6602540000000054,MXR Distortion Plus,50%,NA,
6589.160156,-3.1990160000000003,MXR Distortion Plus,50%,NA,
6632.226562,-2.521631000000003,MXR Distortion Plus,50%,NA,
6675.292969,-2.7891910000000024,MXR Distortion Plus,50%,NA,
6718.359375,-3.850049000000002,MXR Distortion Plus,50%,NA,
6761.425781,-3.371295,MXR Distortion Plus,50%,NA,
6804.492188,-3.604145000000006,MXR Distortion Plus,50%,NA,
6847.558594,-2.925106000000003,MXR Distortion Plus,50%,NA,
6890.625,-2.5317930000000004,MXR Distortion Plus,50%,NA,
6933.691406,-3.4140840000000026,MXR Distortion Plus,50%,NA,
6976.757812,-3.234651000000003,MXR Distortion Plus,50%,NA,
7019.824219,-2.9537590000000016,MXR Distortion Plus,50%,NA,
7062.890625,-2.893350000000005,MXR Distortion Plus,50%,NA,
7105.957031,-3.0433020000000006,MXR Distortion Plus,50%,NA,
7149.023438,-3.3590729999999986,MXR Distortion Plus,50%,NA,
7192.089844,-3.4515700000000002,MXR Distortion Plus,50%,NA,
7235.15625,-3.1633920000000018,MXR Distortion Plus,50%,NA,
7278.222656,-3.0064420000000034,MXR Distortion Plus,50%,NA,
7321.289062,-2.3522960000000026,MXR Distortion Plus,50%,NA,
7364.355469,-3.056832,MXR Distortion Plus,50%,NA,
7407.421875,-3.417396,MXR Distortion Plus,50%,NA,
7450.488281,-3.214195,MXR Distortion Plus,50%,NA,
7493.554688,-3.3713910000000062,MXR Distortion Plus,50%,NA,
7536.621094,-3.189612000000004,MXR Distortion Plus,50%,NA,
7579.6875,-2.773268999999999,MXR Distortion Plus,50%,NA,
7622.753906,-2.860019000000001,MXR Distortion Plus,50%,NA,
7665.820312,-3.1345050000000043,MXR Distortion Plus,50%,NA,
7708.886719,-3.188289000000001,MXR Distortion Plus,50%,NA,
7751.953125,-2.712917000000001,MXR Distortion Plus,50%,NA,
7795.019531,-3.6639110000000024,MXR Distortion Plus,50%,NA,
7838.085938,-3.4856620000000014,MXR Distortion Plus,50%,NA,
7881.152344,-3.078906,MXR Distortion Plus,50%,NA,
7924.21875,-3.405162999999998,MXR Distortion Plus,50%,NA,
7967.285156,-3.232717000000001,MXR Distortion Plus,50%,NA,
8010.351562,-3.3155380000000036,MXR Distortion Plus,50%,NA,
8053.417969,-4.159536000000003,MXR Distortion Plus,50%,NA,
8096.484375,-3.308639000000003,MXR Distortion Plus,50%,NA,
8139.550781,-2.378599000000005,MXR Distortion Plus,50%,NA,
8182.617188,-2.5012080000000054,MXR Distortion Plus,50%,NA,
8225.683594,-2.7505559999999996,MXR Distortion Plus,50%,NA,
8268.75,-3.0971580000000003,MXR Distortion Plus,50%,NA,
8311.816406,-3.488742000000002,MXR Distortion Plus,50%,NA,
8354.882812,-3.1655630000000023,MXR Distortion Plus,50%,NA,
8397.949219,-3.266143000000003,MXR Distortion Plus,50%,NA,
8441.015625,-3.2079670000000036,MXR Distortion Plus,50%,NA,
8484.082031,-3.4521720000000045,MXR Distortion Plus,50%,NA,
8527.148438,-3.519238999999999,MXR Distortion Plus,50%,NA,
8570.214844,-2.9025880000000015,MXR Distortion Plus,50%,NA,
8613.28125,-3.100211000000005,MXR Distortion Plus,50%,NA,
8656.347656,-3.6611089999999997,MXR Distortion Plus,50%,NA,
8699.414062,-2.619290000000003,MXR Distortion Plus,50%,NA,
8742.480469,-2.692737000000001,MXR Distortion Plus,50%,NA,
8785.546875,-3.678165,MXR Distortion Plus,50%,NA,
8828.613281,-3.377779999999998,MXR Distortion Plus,50%,NA,
8871.679688,-2.993213000000001,MXR Distortion Plus,50%,NA,
8914.746094,-2.8839979999999983,MXR Distortion Plus,50%,NA,
8957.8125,-3.6003710000000027,MXR Distortion Plus,50%,NA,
9000.878906,-3.4057910000000007,MXR Distortion Plus,50%,NA,
9043.945312,-3.589806000000003,MXR Distortion Plus,50%,NA,
9087.011719,-3.6859469999999988,MXR Distortion Plus,50%,NA,
9130.078125,-3.308285999999999,MXR Distortion Plus,50%,NA,
9173.144531,-3.129087000000002,MXR Distortion Plus,50%,NA,
9216.210938,-3.2307260000000007,MXR Distortion Plus,50%,NA,
9259.277344,-3.420232000000002,MXR Distortion Plus,50%,NA,
9302.34375,-3.771352000000004,MXR Distortion Plus,50%,NA,
9345.410156,-3.5364980000000052,MXR Distortion Plus,50%,NA,
9388.476562,-3.270778,MXR Distortion Plus,50%,NA,
9431.542969,-3.262490999999997,MXR Distortion Plus,50%,NA,
9474.609375,-3.554786,MXR Distortion Plus,50%,NA,
9517.675781,-3.3359670000000037,MXR Distortion Plus,50%,NA,
9560.742188,-3.753934000000001,MXR Distortion Plus,50%,NA,
9603.808594,-3.2841099999999983,MXR Distortion Plus,50%,NA,
9646.875,-3.3704959999999993,MXR Distortion Plus,50%,NA,
9689.941406,-3.0266180000000062,MXR Distortion Plus,50%,NA,
9733.007812,-2.430564000000004,MXR Distortion Plus,50%,NA,
9776.074219,-2.7176490000000015,MXR Distortion Plus,50%,NA,
9819.140625,-3.761369000000002,MXR Distortion Plus,50%,NA,
9862.207031,-4.194721000000005,MXR Distortion Plus,50%,NA,
9905.273438,-4.086871000000006,MXR Distortion Plus,50%,NA,
9948.339844,-4.078265000000005,MXR Distortion Plus,50%,NA,
9991.40625,-4.160171999999999,MXR Distortion Plus,50%,NA,
10034.472656,-3.833567000000002,MXR Distortion Plus,50%,NA,
10077.539062,-3.4213590000000025,MXR Distortion Plus,50%,NA,
10120.605469,-2.654798000000003,MXR Distortion Plus,50%,NA,
10163.671875,-3.0269520000000014,MXR Distortion Plus,50%,NA,
10206.738281,-3.142209000000001,MXR Distortion Plus,50%,NA,
10249.804688,-2.9149659999999997,MXR Distortion Plus,50%,NA,
10292.871094,-2.8519430000000057,MXR Distortion Plus,50%,NA,
10335.9375,-3.7032820000000015,MXR Distortion Plus,50%,NA,
10379.003906,-4.268552000000003,MXR Distortion Plus,50%,NA,
10422.070312,-3.294339000000001,MXR Distortion Plus,50%,NA,
10465.136719,-3.7339170000000017,MXR Distortion Plus,50%,NA,
10508.203125,-3.902715000000004,MXR Distortion Plus,50%,NA,
10551.269531,-3.3572760000000024,MXR Distortion Plus,50%,NA,
10594.335938,-3.5845560000000027,MXR Distortion Plus,50%,NA,
10637.402344,-3.667087000000002,MXR Distortion Plus,50%,NA,
10680.46875,-3.8822229999999998,MXR Distortion Plus,50%,NA,
10723.535156,-2.9056010000000043,MXR Distortion Plus,50%,NA,
10766.601562,-2.5029840000000014,MXR Distortion Plus,50%,NA,
10809.667969,-3.350573999999998,MXR Distortion Plus,50%,NA,
10852.734375,-3.2215210000000027,MXR Distortion Plus,50%,NA,
10895.800781,-3.7080850000000005,MXR Distortion Plus,50%,NA,
10938.867188,-3.1076160000000037,MXR Distortion Plus,50%,NA,
10981.933594,-2.447537999999998,MXR Distortion Plus,50%,NA,
11025,-2.7017740000000003,MXR Distortion Plus,50%,NA,
11068.066406,-3.239138000000004,MXR Distortion Plus,50%,NA,
11111.132812,-3.4273710000000044,MXR Distortion Plus,50%,NA,
11154.199219,-3.4177979999999977,MXR Distortion Plus,50%,NA,
11197.265625,-3.4052669999999985,MXR Distortion Plus,50%,NA,
11240.332031,-3.9522140000000014,MXR Distortion Plus,50%,NA,
11283.398438,-3.172595000000001,MXR Distortion Plus,50%,NA,
11326.464844,-3.5790889999999997,MXR Distortion Plus,50%,NA,
11369.53125,-2.916488000000001,MXR Distortion Plus,50%,NA,
11412.597656,-2.829615999999998,MXR Distortion Plus,50%,NA,
11455.664062,-3.626802000000005,MXR Distortion Plus,50%,NA,
11498.730469,-4.092379000000001,MXR Distortion Plus,50%,NA,
11541.796875,-3.8000810000000023,MXR Distortion Plus,50%,NA,
11584.863281,-3.044082000000003,MXR Distortion Plus,50%,NA,
11627.929688,-3.243296000000001,MXR Distortion Plus,50%,NA,
11670.996094,-3.149421000000004,MXR Distortion Plus,50%,NA,
11714.0625,-3.4492690000000046,MXR Distortion Plus,50%,NA,
11757.128906,-3.7313660000000013,MXR Distortion Plus,50%,NA,
11800.195312,-3.7358970000000014,MXR Distortion Plus,50%,NA,
11843.261719,-2.827943000000001,MXR Distortion Plus,50%,NA,
11886.328125,-3.354331000000002,MXR Distortion Plus,50%,NA,
11929.394531,-4.005333,MXR Distortion Plus,50%,NA,
11972.460938,-3.8948130000000027,MXR Distortion Plus,50%,NA,
12015.527344,-3.495153000000002,MXR Distortion Plus,50%,NA,
12058.59375,-2.608552000000003,MXR Distortion Plus,50%,NA,
12101.660156,-1.7875570000000067,MXR Distortion Plus,50%,NA,
12144.726562,-3.207222999999999,MXR Distortion Plus,50%,NA,
12187.792969,-3.811383000000003,MXR Distortion Plus,50%,NA,
12230.859375,-3.5120939999999976,MXR Distortion Plus,50%,NA,
12273.925781,-3.902393,MXR Distortion Plus,50%,NA,
12316.992188,-3.659860000000002,MXR Distortion Plus,50%,NA,
12360.058594,-2.880027000000002,MXR Distortion Plus,50%,NA,
12403.125,-2.0426990000000025,MXR Distortion Plus,50%,NA,
12446.191406,-2.262295999999999,MXR Distortion Plus,50%,NA,
12489.257812,-3.4946070000000056,MXR Distortion Plus,50%,NA,
12532.324219,-3.2213010000000004,MXR Distortion Plus,50%,NA,
12575.390625,-3.1631540000000022,MXR Distortion Plus,50%,NA,
12618.457031,-2.6025990000000014,MXR Distortion Plus,50%,NA,
12661.523438,-3.005753000000002,MXR Distortion Plus,50%,NA,
12704.589844,-3.151894000000002,MXR Distortion Plus,50%,NA,
12747.65625,-3.3884810000000023,MXR Distortion Plus,50%,NA,
12790.722656,-3.8043739999999993,MXR Distortion Plus,50%,NA,
12833.789062,-3.5907200000000046,MXR Distortion Plus,50%,NA,
12876.855469,-3.595085000000001,MXR Distortion Plus,50%,NA,
12919.921875,-3.742117000000004,MXR Distortion Plus,50%,NA,
12962.988281,-3.9204219999999985,MXR Distortion Plus,50%,NA,
13006.054688,-3.579153999999999,MXR Distortion Plus,50%,NA,
13049.121094,-3.3670969999999976,MXR Distortion Plus,50%,NA,
13092.1875,-3.1028470000000006,MXR Distortion Plus,50%,NA,
13135.253906,-3.458600000000004,MXR Distortion Plus,50%,NA,
13178.320312,-2.9176990000000025,MXR Distortion Plus,50%,NA,
13221.386719,-4.097342000000001,MXR Distortion Plus,50%,NA,
13264.453125,-4.410722,MXR Distortion Plus,50%,NA,
13307.519531,-4.212844000000004,MXR Distortion Plus,50%,NA,
13350.585938,-3.6180470000000042,MXR Distortion Plus,50%,NA,
13393.652344,-3.303746000000004,MXR Distortion Plus,50%,NA,
13436.71875,-3.140260999999999,MXR Distortion Plus,50%,NA,
13479.785156,-3.358234000000003,MXR Distortion Plus,50%,NA,
13522.851562,-2.6308430000000023,MXR Distortion Plus,50%,NA,
13565.917969,-2.7564059999999984,MXR Distortion Plus,50%,NA,
13608.984375,-3.6296610000000022,MXR Distortion Plus,50%,NA,
13652.050781,-3.452676000000004,MXR Distortion Plus,50%,NA,
13695.117188,-3.330913000000006,MXR Distortion Plus,50%,NA,
13738.183594,-3.7483860000000035,MXR Distortion Plus,50%,NA,
13781.25,-4.343134000000003,MXR Distortion Plus,50%,NA,
13824.316406,-3.574621000000004,MXR Distortion Plus,50%,NA,
13867.382812,-3.3230970000000006,MXR Distortion Plus,50%,NA,
13910.449219,-3.2568370000000044,MXR Distortion Plus,50%,NA,
13953.515625,-3.3100430000000003,MXR Distortion Plus,50%,NA,
13996.582031,-3.239533999999999,MXR Distortion Plus,50%,NA,
14039.648438,-3.3127160000000018,MXR Distortion Plus,50%,NA,
14082.714844,-2.7034900000000057,MXR Distortion Plus,50%,NA,
14125.78125,-3.856014000000002,MXR Distortion Plus,50%,NA,
14168.847656,-3.962699000000004,MXR Distortion Plus,50%,NA,
14211.914062,-3.482278000000001,MXR Distortion Plus,50%,NA,
14254.980469,-4.275943000000002,MXR Distortion Plus,50%,NA,
14298.046875,-4.070758000000005,MXR Distortion Plus,50%,NA,
14341.113281,-3.340568000000001,MXR Distortion Plus,50%,NA,
14384.179688,-2.5908390000000026,MXR Distortion Plus,50%,NA,
14427.246094,-2.0256000000000043,MXR Distortion Plus,50%,NA,
14470.3125,-3.200616,MXR Distortion Plus,50%,NA,
14513.378906,-4.031688000000003,MXR Distortion Plus,50%,NA,
14556.445312,-3.7244899999999994,MXR Distortion Plus,50%,NA,
14599.511719,-3.5813650000000017,MXR Distortion Plus,50%,NA,
14642.578125,-3.3600759999999994,MXR Distortion Plus,50%,NA,
14685.644531,-3.8605789999999978,MXR Distortion Plus,50%,NA,
14728.710938,-3.522245999999999,MXR Distortion Plus,50%,NA,
14771.777344,-3.367611,MXR Distortion Plus,50%,NA,
14814.84375,-3.059740999999999,MXR Distortion Plus,50%,NA,
14857.910156,-3.2917109999999994,MXR Distortion Plus,50%,NA,
14900.976562,-2.8094130000000064,MXR Distortion Plus,50%,NA,
14944.042969,-3.2159489999999984,MXR Distortion Plus,50%,NA,
14987.109375,-3.0956390000000056,MXR Distortion Plus,50%,NA,
15030.175781,-4.371086000000002,MXR Distortion Plus,50%,NA,
15073.242188,-4.326747000000001,MXR Distortion Plus,50%,NA,
15116.308594,-3.966802000000005,MXR Distortion Plus,50%,NA,
15159.375,-3.8000429999999987,MXR Distortion Plus,50%,NA,
15202.441406,-4.306419000000002,MXR Distortion Plus,50%,NA,
15245.507812,-3.436757,MXR Distortion Plus,50%,NA,
15288.574219,-4.562884,MXR Distortion Plus,50%,NA,
15331.640625,-4.4177089999999986,MXR Distortion Plus,50%,NA,
15374.707031,-3.1020160000000025,MXR Distortion Plus,50%,NA,
15417.773438,-3.786289,MXR Distortion Plus,50%,NA,
15460.839844,-4.1078770000000056,MXR Distortion Plus,50%,NA,
15503.90625,-4.014678000000007,MXR Distortion Plus,50%,NA,
15546.972656,-4.315871000000005,MXR Distortion Plus,50%,NA,
15590.039062,-4.087074000000005,MXR Distortion Plus,50%,NA,
15633.105469,-4.729514000000005,MXR Distortion Plus,50%,NA,
15676.171875,-4.065315999999999,MXR Distortion Plus,50%,NA,
15719.238281,-2.702570999999999,MXR Distortion Plus,50%,NA,
15762.304688,-3.5439029999999967,MXR Distortion Plus,50%,NA,
15805.371094,-4.561679000000002,MXR Distortion Plus,50%,NA,
15848.4375,-4.355422000000001,MXR Distortion Plus,50%,NA,
15891.503906,-4.463375000000003,MXR Distortion Plus,50%,NA,
15934.570312,-4.067645000000002,MXR Distortion Plus,50%,NA,
15977.636719,-4.337512,MXR Distortion Plus,50%,NA,
16020.703125,-3.965743,MXR Distortion Plus,50%,NA,
16063.769531,-3.5735610000000015,MXR Distortion Plus,50%,NA,
16106.835938,-3.6550019999999996,MXR Distortion Plus,50%,NA,
16149.902344,-4.237380000000005,MXR Distortion Plus,50%,NA,
16192.96875,-4.1033170000000005,MXR Distortion Plus,50%,NA,
16236.035156,-4.474002000000002,MXR Distortion Plus,50%,NA,
16279.101562,-4.284575,MXR Distortion Plus,50%,NA,
16322.167969,-4.241943000000003,MXR Distortion Plus,50%,NA,
16365.234375,-4.291335000000007,MXR Distortion Plus,50%,NA,
16408.300781,-3.537826000000006,MXR Distortion Plus,50%,NA,
16451.367188,-3.0309340000000056,MXR Distortion Plus,50%,NA,
16494.433594,-3.7244139999999994,MXR Distortion Plus,50%,NA,
16537.5,-5.001197000000001,MXR Distortion Plus,50%,NA,
16580.566406,-4.786300000000001,MXR Distortion Plus,50%,NA,
16623.632812,-4.590454000000005,MXR Distortion Plus,50%,NA,
16666.699219,-3.7431289999999997,MXR Distortion Plus,50%,NA,
16709.765625,-3.5333970000000043,MXR Distortion Plus,50%,NA,
16752.832031,-3.7651470000000025,MXR Distortion Plus,50%,NA,
16795.898438,-3.720533999999997,MXR Distortion Plus,50%,NA,
16838.964844,-4.147403000000001,MXR Distortion Plus,50%,NA,
16882.03125,-3.9498780000000018,MXR Distortion Plus,50%,NA,
16925.097656,-4.504546000000001,MXR Distortion Plus,50%,NA,
16968.164062,-4.415676000000001,MXR Distortion Plus,50%,NA,
17011.230469,-3.8731720000000003,MXR Distortion Plus,50%,NA,
17054.296875,-4.026737000000001,MXR Distortion Plus,50%,NA,
17097.363281,-3.951183000000004,MXR Distortion Plus,50%,NA,
17140.429688,-3.976412000000007,MXR Distortion Plus,50%,NA,
17183.496094,-4.391498000000002,MXR Distortion Plus,50%,NA,
17226.5625,-4.525161000000001,MXR Distortion Plus,50%,NA,
17269.628906,-3.6105760000000053,MXR Distortion Plus,50%,NA,
17312.695312,-3.907337000000002,MXR Distortion Plus,50%,NA,
17355.761719,-4.061995999999997,MXR Distortion Plus,50%,NA,
17398.828125,-3.7732690000000026,MXR Distortion Plus,50%,NA,
17441.894531,-3.9960130000000085,MXR Distortion Plus,50%,NA,
17484.960938,-4.325180000000007,MXR Distortion Plus,50%,NA,
17528.027344,-4.861049000000005,MXR Distortion Plus,50%,NA,
17571.09375,-5.194818999999999,MXR Distortion Plus,50%,NA,
17614.160156,-4.656451000000008,MXR Distortion Plus,50%,NA,
17657.226562,-4.357425000000003,MXR Distortion Plus,50%,NA,
17700.292969,-4.440955000000006,MXR Distortion Plus,50%,NA,
17743.359375,-4.179683000000001,MXR Distortion Plus,50%,NA,
17786.425781,-3.813831000000004,MXR Distortion Plus,50%,NA,
17829.492188,-4.198905000000007,MXR Distortion Plus,50%,NA,
17872.558594,-3.9379150000000003,MXR Distortion Plus,50%,NA,
17915.625,-4.395057000000005,MXR Distortion Plus,50%,NA,
17958.691406,-4.132026000000007,MXR Distortion Plus,50%,NA,
18001.757812,-4.568069000000005,MXR Distortion Plus,50%,NA,
18044.824219,-4.289503999999997,MXR Distortion Plus,50%,NA,
18087.890625,-3.910347000000005,MXR Distortion Plus,50%,NA,
18130.957031,-4.459022000000001,MXR Distortion Plus,50%,NA,
18174.023438,-3.933372000000002,MXR Distortion Plus,50%,NA,
18217.089844,-4.109362000000001,MXR Distortion Plus,50%,NA,
18260.15625,-4.089160000000003,MXR Distortion Plus,50%,NA,
18303.222656,-3.3086540000000007,MXR Distortion Plus,50%,NA,
18346.289062,-4.020397000000006,MXR Distortion Plus,50%,NA,
18389.355469,-5.014158999999996,MXR Distortion Plus,50%,NA,
18432.421875,-4.700503000000001,MXR Distortion Plus,50%,NA,
18475.488281,-4.270098000000001,MXR Distortion Plus,50%,NA,
18518.554688,-4.545241000000001,MXR Distortion Plus,50%,NA,
18561.621094,-4.2513419999999975,MXR Distortion Plus,50%,NA,
18604.6875,-4.407489000000002,MXR Distortion Plus,50%,NA,
18647.753906,-3.566696000000004,MXR Distortion Plus,50%,NA,
18690.820312,-4.076331,MXR Distortion Plus,50%,NA,
18733.886719,-4.982593000000005,MXR Distortion Plus,50%,NA,
18776.953125,-4.791892000000001,MXR Distortion Plus,50%,NA,
18820.019531,-4.551917000000007,MXR Distortion Plus,50%,NA,
18863.085938,-3.4104490000000034,MXR Distortion Plus,50%,NA,
18906.152344,-3.980697000000003,MXR Distortion Plus,50%,NA,
18949.21875,-4.302227000000006,MXR Distortion Plus,50%,NA,
18992.285156,-4.495338,MXR Distortion Plus,50%,NA,
19035.351562,-4.106807,MXR Distortion Plus,50%,NA,
19078.417969,-3.2523680000000006,MXR Distortion Plus,50%,NA,
19121.484375,-4.264316000000004,MXR Distortion Plus,50%,NA,
19164.550781,-4.5263659999999994,MXR Distortion Plus,50%,NA,
19207.617188,-4.4017560000000024,MXR Distortion Plus,50%,NA,
19250.683594,-4.407306000000002,MXR Distortion Plus,50%,NA,
19293.75,-4.342395,MXR Distortion Plus,50%,NA,
19336.816406,-3.852276000000007,MXR Distortion Plus,50%,NA,
19379.882812,-4.744590000000006,MXR Distortion Plus,50%,NA,
19422.949219,-4.777808000000004,MXR Distortion Plus,50%,NA,
19466.015625,-5.161269000000001,MXR Distortion Plus,50%,NA,
19509.082031,-4.921313999999999,MXR Distortion Plus,50%,NA,
19552.148438,-4.560183000000006,MXR Distortion Plus,50%,NA,
19595.214844,-3.863407000000006,MXR Distortion Plus,50%,NA,
19638.28125,-3.783634000000003,MXR Distortion Plus,50%,NA,
19681.347656,-4.989546000000001,MXR Distortion Plus,50%,NA,
19724.414062,-4.73817,MXR Distortion Plus,50%,NA,
19767.480469,-5.068575999999997,MXR Distortion Plus,50%,NA,
19810.546875,-4.939628000000003,MXR Distortion Plus,50%,NA,
19853.613281,-5.572245999999996,MXR Distortion Plus,50%,NA,
19896.679688,-5.334449000000003,MXR Distortion Plus,50%,NA,
19939.746094,-4.3572410000000055,MXR Distortion Plus,50%,NA,
19982.8125,-4.642440000000004,MXR Distortion Plus,50%,NA,
43.066406,-14.110799000000002,MXR Distortion Plus,75%,NA,
86.132812,-8.282956,MXR Distortion Plus,75%,NA,
129.199219,-5.348566000000002,MXR Distortion Plus,75%,NA,
172.265625,-5.158038000000003,MXR Distortion Plus,75%,NA,
215.332031,-3.759082000000003,MXR Distortion Plus,75%,NA,
258.398438,-2.823552000000003,MXR Distortion Plus,75%,NA,
301.464844,-2.3472260000000027,MXR Distortion Plus,75%,NA,
344.53125,-2.5851750000000013,MXR Distortion Plus,75%,NA,
387.597656,-2.264057000000003,MXR Distortion Plus,75%,NA,
430.664062,-1.8373680000000014,MXR Distortion Plus,75%,NA,
473.730469,-1.3396690000000007,MXR Distortion Plus,75%,NA,
516.796875,-1.3870330000000024,MXR Distortion Plus,75%,NA,
559.863281,-1.5540520000000022,MXR Distortion Plus,75%,NA,
602.929688,-1.5748310000000032,MXR Distortion Plus,75%,NA,
645.996094,-1.2395800000000037,MXR Distortion Plus,75%,NA,
689.0625,-1.3005670000000027,MXR Distortion Plus,75%,NA,
732.128906,-1.362802000000002,MXR Distortion Plus,75%,NA,
775.195312,-1.2653990000000022,MXR Distortion Plus,75%,NA,
818.261719,-1.7272820000000024,MXR Distortion Plus,75%,NA,
861.328125,-1.4004160000000034,MXR Distortion Plus,75%,NA,
904.394531,-1.212734000000001,MXR Distortion Plus,75%,NA,
947.460938,-0.9850120000000011,MXR Distortion Plus,75%,NA,
990.527344,-1.5595390000000044,MXR Distortion Plus,75%,NA,
1033.59375,-1.113672000000001,MXR Distortion Plus,75%,NA,
1076.660156,-0.749601000000002,MXR Distortion Plus,75%,NA,
1119.726562,-1.069465000000001,MXR Distortion Plus,75%,NA,
1162.792969,-0.724496000000002,MXR Distortion Plus,75%,NA,
1205.859375,-0.8886260000000021,MXR Distortion Plus,75%,NA,
1248.925781,-1.3900609999999993,MXR Distortion Plus,75%,NA,
1291.992188,-1.4581790000000048,MXR Distortion Plus,75%,NA,
1335.058594,-1.6109880000000025,MXR Distortion Plus,75%,NA,
1378.125,-1.2122300000000017,MXR Distortion Plus,75%,NA,
1421.191406,-0.9055190000000017,MXR Distortion Plus,75%,NA,
1464.257812,-0.5984949999999998,MXR Distortion Plus,75%,NA,
1507.324219,-0.9011160000000018,MXR Distortion Plus,75%,NA,
1550.390625,-1.049434000000005,MXR Distortion Plus,75%,NA,
1593.457031,-0.9007520000000007,MXR Distortion Plus,75%,NA,
1636.523438,-1.0806490000000046,MXR Distortion Plus,75%,NA,
1679.589844,-1.1033290000000022,MXR Distortion Plus,75%,NA,
1722.65625,-0.6338840000000019,MXR Distortion Plus,75%,NA,
1765.722656,-1.1625220000000027,MXR Distortion Plus,75%,NA,
1808.789062,-1.3267010000000035,MXR Distortion Plus,75%,NA,
1851.855469,-1.8647510000000018,MXR Distortion Plus,75%,NA,
1894.921875,-1.9235150000000019,MXR Distortion Plus,75%,NA,
1937.988281,-1.5200930000000028,MXR Distortion Plus,75%,NA,
1981.054688,-0.6395700000000026,MXR Distortion Plus,75%,NA,
2024.121094,-1.0672870000000003,MXR Distortion Plus,75%,NA,
2067.1875,-1.321874000000001,MXR Distortion Plus,75%,NA,
2110.253906,-0.5141400000000012,MXR Distortion Plus,75%,NA,
2153.320312,-1.4967840000000052,MXR Distortion Plus,75%,NA,
2196.386719,-1.306281000000002,MXR Distortion Plus,75%,NA,
2239.453125,-0.7024380000000043,MXR Distortion Plus,75%,NA,
2282.519531,-1.2205140000000014,MXR Distortion Plus,75%,NA,
2325.585938,-1.5741779999999999,MXR Distortion Plus,75%,NA,
2368.652344,-1.1342970000000001,MXR Distortion Plus,75%,NA,
2411.71875,-1.3910250000000026,MXR Distortion Plus,75%,NA,
2454.785156,-0.7463049999999996,MXR Distortion Plus,75%,NA,
2497.851562,-0.6727360000000004,MXR Distortion Plus,75%,NA,
2540.917969,-0.31779600000000485,MXR Distortion Plus,75%,NA,
2583.984375,-1.1847150000000006,MXR Distortion Plus,75%,NA,
2627.050781,-1.9472000000000023,MXR Distortion Plus,75%,NA,
2670.117188,-1.8068900000000028,MXR Distortion Plus,75%,NA,
2713.183594,-1.359807,MXR Distortion Plus,75%,NA,
2756.25,-1.357437000000001,MXR Distortion Plus,75%,NA,
2799.316406,-1.8184959999999997,MXR Distortion Plus,75%,NA,
2842.382812,-1.7459500000000006,MXR Distortion Plus,75%,NA,
2885.449219,-2.2963590000000025,MXR Distortion Plus,75%,NA,
2928.515625,-1.779276000000003,MXR Distortion Plus,75%,NA,
2971.582031,-1.2253410000000038,MXR Distortion Plus,75%,NA,
3014.648438,-0.9121430000000039,MXR Distortion Plus,75%,NA,
3057.714844,-1.1663010000000007,MXR Distortion Plus,75%,NA,
3100.78125,-1.2828250000000025,MXR Distortion Plus,75%,NA,
3143.847656,-1.0215430000000012,MXR Distortion Plus,75%,NA,
3186.914062,-1.0758140000000012,MXR Distortion Plus,75%,NA,
3229.980469,-0.683326000000001,MXR Distortion Plus,75%,NA,
3273.046875,-0.48217700000000363,MXR Distortion Plus,75%,NA,
3316.113281,-0.8946050000000021,MXR Distortion Plus,75%,NA,
3359.179688,-1.8070500000000003,MXR Distortion Plus,75%,NA,
3402.246094,-1.231414000000001,MXR Distortion Plus,75%,NA,
3445.3125,-1.498821000000003,MXR Distortion Plus,75%,NA,
3488.378906,-1.7530780000000021,MXR Distortion Plus,75%,NA,
3531.445312,-1.669507000000003,MXR Distortion Plus,75%,NA,
3574.511719,-1.4401230000000034,MXR Distortion Plus,75%,NA,
3617.578125,-0.7064870000000028,MXR Distortion Plus,75%,NA,
3660.644531,-0.9993220000000029,MXR Distortion Plus,75%,NA,
3703.710938,-0.957099000000003,MXR Distortion Plus,75%,NA,
3746.777344,-0.5530180000000016,MXR Distortion Plus,75%,NA,
3789.84375,0,MXR Distortion Plus,75%,NA,
3832.910156,-0.9689320000000023,MXR Distortion Plus,75%,NA,
3875.976562,-1.2237350000000013,MXR Distortion Plus,75%,NA,
3919.042969,-0.5183460000000011,MXR Distortion Plus,75%,NA,
3962.109375,-0.5401300000000013,MXR Distortion Plus,75%,NA,
4005.175781,-0.8210879999999996,MXR Distortion Plus,75%,NA,
4048.242188,-0.7806030000000028,MXR Distortion Plus,75%,NA,
4091.308594,-0.6321079999999988,MXR Distortion Plus,75%,NA,
4134.375,-1.2660550000000015,MXR Distortion Plus,75%,NA,
4177.441406,-1.6617310000000032,MXR Distortion Plus,75%,NA,
4220.507812,-1.7188559999999988,MXR Distortion Plus,75%,NA,
4263.574219,-0.7785080000000022,MXR Distortion Plus,75%,NA,
4306.640625,-1.1587040000000002,MXR Distortion Plus,75%,NA,
4349.707031,-0.8803870000000025,MXR Distortion Plus,75%,NA,
4392.773438,-1.3710330000000006,MXR Distortion Plus,75%,NA,
4435.839844,-1.1525789999999994,MXR Distortion Plus,75%,NA,
4478.90625,-1.424310000000002,MXR Distortion Plus,75%,NA,
4521.972656,-0.9801900000000003,MXR Distortion Plus,75%,NA,
4565.039062,-1.6398430000000026,MXR Distortion Plus,75%,NA,
4608.105469,-1.1176510000000022,MXR Distortion Plus,75%,NA,
4651.171875,-0.8663510000000016,MXR Distortion Plus,75%,NA,
4694.238281,-2.118470000000002,MXR Distortion Plus,75%,NA,
4737.304688,-1.682857000000002,MXR Distortion Plus,75%,NA,
4780.371094,-1.4538300000000035,MXR Distortion Plus,75%,NA,
4823.4375,-0.8688100000000034,MXR Distortion Plus,75%,NA,
4866.503906,-0.40936700000000315,MXR Distortion Plus,75%,NA,
4909.570312,-1.2341599999999993,MXR Distortion Plus,75%,NA,
4952.636719,-1.8031950000000023,MXR Distortion Plus,75%,NA,
4995.703125,-1.1079820000000034,MXR Distortion Plus,75%,NA,
5038.769531,-0.8922700000000034,MXR Distortion Plus,75%,NA,
5081.835938,-0.5876120000000036,MXR Distortion Plus,75%,NA,
5124.902344,-1.2790920000000021,MXR Distortion Plus,75%,NA,
5167.96875,-2.2402640000000034,MXR Distortion Plus,75%,NA,
5211.035156,-1.554556999999999,MXR Distortion Plus,75%,NA,
5254.101562,-1.1635360000000006,MXR Distortion Plus,75%,NA,
5297.167969,-1.4490100000000012,MXR Distortion Plus,75%,NA,
5340.234375,-1.4531680000000016,MXR Distortion Plus,75%,NA,
5383.300781,-1.1635960000000019,MXR Distortion Plus,75%,NA,
5426.367188,-1.4403120000000023,MXR Distortion Plus,75%,NA,
5469.433594,-0.8639790000000005,MXR Distortion Plus,75%,NA,
5512.5,-1.144317000000001,MXR Distortion Plus,75%,NA,
5555.566406,-1.438911000000001,MXR Distortion Plus,75%,NA,
5598.632812,-1.5894430000000028,MXR Distortion Plus,75%,NA,
5641.699219,-1.3526370000000014,MXR Distortion Plus,75%,NA,
5684.765625,-0.8459240000000037,MXR Distortion Plus,75%,NA,
5727.832031,-0.8017530000000015,MXR Distortion Plus,75%,NA,
5770.898438,-1.2811940000000028,MXR Distortion Plus,75%,NA,
5813.964844,-1.4001120000000036,MXR Distortion Plus,75%,NA,
5857.03125,-0.9458570000000002,MXR Distortion Plus,75%,NA,
5900.097656,-0.45339700000000605,MXR Distortion Plus,75%,NA,
5943.164062,-1.2020460000000028,MXR Distortion Plus,75%,NA,
5986.230469,-1.6214710000000032,MXR Distortion Plus,75%,NA,
6029.296875,-1.355045000000004,MXR Distortion Plus,75%,NA,
6072.363281,-1.1563250000000025,MXR Distortion Plus,75%,NA,
6115.429688,-1.0141060000000017,MXR Distortion Plus,75%,NA,
6158.496094,-1.3290530000000018,MXR Distortion Plus,75%,NA,
6201.5625,-1.2244670000000006,MXR Distortion Plus,75%,NA,
6244.628906,-1.518303000000003,MXR Distortion Plus,75%,NA,
6287.695312,-1.0298720000000046,MXR Distortion Plus,75%,NA,
6330.761719,-1.0122000000000035,MXR Distortion Plus,75%,NA,
6373.828125,-1.702808000000001,MXR Distortion Plus,75%,NA,
6416.894531,-1.3879680000000008,MXR Distortion Plus,75%,NA,
6459.960938,-1.715715000000003,MXR Distortion Plus,75%,NA,
6503.027344,-1.2611120000000007,MXR Distortion Plus,75%,NA,
6546.09375,-1.6772450000000063,MXR Distortion Plus,75%,NA,
6589.160156,-1.2651970000000006,MXR Distortion Plus,75%,NA,
6632.226562,-0.4177740000000014,MXR Distortion Plus,75%,NA,
6675.292969,-1.142318000000003,MXR Distortion Plus,75%,NA,
6718.359375,-2.105176,MXR Distortion Plus,75%,NA,
6761.425781,-1.6851800000000026,MXR Distortion Plus,75%,NA,
6804.492188,-1.744909000000007,MXR Distortion Plus,75%,NA,
6847.558594,-1.5743610000000032,MXR Distortion Plus,75%,NA,
6890.625,-1.9743570000000012,MXR Distortion Plus,75%,NA,
6933.691406,-2.530160000000002,MXR Distortion Plus,75%,NA,
6976.757812,-2.0819120000000026,MXR Distortion Plus,75%,NA,
7019.824219,-1.872638000000002,MXR Distortion Plus,75%,NA,
7062.890625,-2.1764430000000026,MXR Distortion Plus,75%,NA,
7105.957031,-2.232673000000002,MXR Distortion Plus,75%,NA,
7149.023438,-1.5104439999999997,MXR Distortion Plus,75%,NA,
7192.089844,-2.465681,MXR Distortion Plus,75%,NA,
7235.15625,-1.6724840000000043,MXR Distortion Plus,75%,NA,
7278.222656,-1.6184490000000018,MXR Distortion Plus,75%,NA,
7321.289062,-0.9348230000000015,MXR Distortion Plus,75%,NA,
7364.355469,-1.3490719999999996,MXR Distortion Plus,75%,NA,
7407.421875,-2.337363,MXR Distortion Plus,75%,NA,
7450.488281,-2.394598000000002,MXR Distortion Plus,75%,NA,
7493.554688,-1.4399560000000058,MXR Distortion Plus,75%,NA,
7536.621094,-0.6986820000000051,MXR Distortion Plus,75%,NA,
7579.6875,-1.125519999999998,MXR Distortion Plus,75%,NA,
7622.753906,-1.5698009999999982,MXR Distortion Plus,75%,NA,
7665.820312,-2.7418410000000044,MXR Distortion Plus,75%,NA,
7708.886719,-2.5379199999999997,MXR Distortion Plus,75%,NA,
7751.953125,-1.6794880000000028,MXR Distortion Plus,75%,NA,
7795.019531,-2.1681990000000013,MXR Distortion Plus,75%,NA,
7838.085938,-2.562044,MXR Distortion Plus,75%,NA,
7881.152344,-2.3861039999999996,MXR Distortion Plus,75%,NA,
7924.21875,-2.274021000000001,MXR Distortion Plus,75%,NA,
7967.285156,-1.9117520000000034,MXR Distortion Plus,75%,NA,
8010.351562,-1.6066300000000027,MXR Distortion Plus,75%,NA,
8053.417969,-2.420371000000003,MXR Distortion Plus,75%,NA,
8096.484375,-2.337998000000006,MXR Distortion Plus,75%,NA,
8139.550781,-1.5772030000000044,MXR Distortion Plus,75%,NA,
8182.617188,-1.5433950000000038,MXR Distortion Plus,75%,NA,
8225.683594,-1.9795219999999993,MXR Distortion Plus,75%,NA,
8268.75,-2.685490999999999,MXR Distortion Plus,75%,NA,
8311.816406,-3.2779160000000047,MXR Distortion Plus,75%,NA,
8354.882812,-2.3630780000000016,MXR Distortion Plus,75%,NA,
8397.949219,-1.8917730000000006,MXR Distortion Plus,75%,NA,
8441.015625,-1.7988700000000044,MXR Distortion Plus,75%,NA,
8484.082031,-1.9658590000000054,MXR Distortion Plus,75%,NA,
8527.148438,-2.154243000000001,MXR Distortion Plus,75%,NA,
8570.214844,-1.9116570000000017,MXR Distortion Plus,75%,NA,
8613.28125,-2.0167420000000043,MXR Distortion Plus,75%,NA,
8656.347656,-2.7149900000000002,MXR Distortion Plus,75%,NA,
8699.414062,-1.6207240000000027,MXR Distortion Plus,75%,NA,
8742.480469,-1.739645000000003,MXR Distortion Plus,75%,NA,
8785.546875,-2.4895090000000017,MXR Distortion Plus,75%,NA,
8828.613281,-2.519372999999998,MXR Distortion Plus,75%,NA,
8871.679688,-2.3309570000000015,MXR Distortion Plus,75%,NA,
8914.746094,-2.1473070000000014,MXR Distortion Plus,75%,NA,
8957.8125,-2.4761840000000035,MXR Distortion Plus,75%,NA,
9000.878906,-2.769401000000002,MXR Distortion Plus,75%,NA,
9043.945312,-3.2578740000000046,MXR Distortion Plus,75%,NA,
9087.011719,-2.837123000000002,MXR Distortion Plus,75%,NA,
9130.078125,-2.1460359999999987,MXR Distortion Plus,75%,NA,
9173.144531,-2.1977569999999993,MXR Distortion Plus,75%,NA,
9216.210938,-2.489414,MXR Distortion Plus,75%,NA,
9259.277344,-3.4733769999999993,MXR Distortion Plus,75%,NA,
9302.34375,-2.8597160000000024,MXR Distortion Plus,75%,NA,
9345.410156,-2.2264720000000047,MXR Distortion Plus,75%,NA,
9388.476562,-2.561405999999998,MXR Distortion Plus,75%,NA,
9431.542969,-2.7300199999999997,MXR Distortion Plus,75%,NA,
9474.609375,-2.5244290000000014,MXR Distortion Plus,75%,NA,
9517.675781,-2.451019000000006,MXR Distortion Plus,75%,NA,
9560.742188,-3.1779300000000035,MXR Distortion Plus,75%,NA,
9603.808594,-2.9194059999999986,MXR Distortion Plus,75%,NA,
9646.875,-2.497813999999998,MXR Distortion Plus,75%,NA,
9689.941406,-2.420934000000006,MXR Distortion Plus,75%,NA,
9733.007812,-2.492511000000004,MXR Distortion Plus,75%,NA,
9776.074219,-3.2386240000000015,MXR Distortion Plus,75%,NA,
9819.140625,-3.5037170000000017,MXR Distortion Plus,75%,NA,
9862.207031,-3.568834000000006,MXR Distortion Plus,75%,NA,
9905.273438,-2.768479000000003,MXR Distortion Plus,75%,NA,
9948.339844,-2.676595000000006,MXR Distortion Plus,75%,NA,
9991.40625,-3.2888459999999995,MXR Distortion Plus,75%,NA,
10034.472656,-3.2668250000000008,MXR Distortion Plus,75%,NA,
10077.539062,-2.528144000000001,MXR Distortion Plus,75%,NA,
10120.605469,-1.639205000000004,MXR Distortion Plus,75%,NA,
10163.671875,-1.9968770000000013,MXR Distortion Plus,75%,NA,
10206.738281,-2.0093950000000014,MXR Distortion Plus,75%,NA,
10249.804688,-1.494458999999999,MXR Distortion Plus,75%,NA,
10292.871094,-2.1289570000000033,MXR Distortion Plus,75%,NA,
10335.9375,-3.6619480000000024,MXR Distortion Plus,75%,NA,
10379.003906,-3.4948340000000044,MXR Distortion Plus,75%,NA,
10422.070312,-2.665301000000003,MXR Distortion Plus,75%,NA,
10465.136719,-2.6440330000000003,MXR Distortion Plus,75%,NA,
10508.203125,-2.5061180000000043,MXR Distortion Plus,75%,NA,
10551.269531,-2.523431000000002,MXR Distortion Plus,75%,NA,
10594.335938,-3.237332000000002,MXR Distortion Plus,75%,NA,
10637.402344,-3.1733890000000002,MXR Distortion Plus,75%,NA,
10680.46875,-2.73151,MXR Distortion Plus,75%,NA,
10723.535156,-2.554845000000004,MXR Distortion Plus,75%,NA,
10766.601562,-2.668772999999998,MXR Distortion Plus,75%,NA,
10809.667969,-3.203942999999999,MXR Distortion Plus,75%,NA,
10852.734375,-3.444538000000005,MXR Distortion Plus,75%,NA,
10895.800781,-2.938665999999998,MXR Distortion Plus,75%,NA,
10938.867188,-2.205663000000005,MXR Distortion Plus,75%,NA,
10981.933594,-1.9398739999999997,MXR Distortion Plus,75%,NA,
11025,-2.367612000000001,MXR Distortion Plus,75%,NA,
11068.066406,-2.687014000000005,MXR Distortion Plus,75%,NA,
11111.132812,-2.730272000000003,MXR Distortion Plus,75%,NA,
11154.199219,-2.876842,MXR Distortion Plus,75%,NA,
11197.265625,-2.7021249999999988,MXR Distortion Plus,75%,NA,
11240.332031,-3.057563000000002,MXR Distortion Plus,75%,NA,
11283.398438,-2.7007499999999993,MXR Distortion Plus,75%,NA,
11326.464844,-2.966521,MXR Distortion Plus,75%,NA,
11369.53125,-2.568048000000001,MXR Distortion Plus,75%,NA,
11412.597656,-2.391791999999999,MXR Distortion Plus,75%,NA,
11455.664062,-2.8623620000000045,MXR Distortion Plus,75%,NA,
11498.730469,-3.0352900000000034,MXR Distortion Plus,75%,NA,
11541.796875,-3.1622350000000026,MXR Distortion Plus,75%,NA,
11584.863281,-2.9557600000000015,MXR Distortion Plus,75%,NA,
11627.929688,-3.039555,MXR Distortion Plus,75%,NA,
11670.996094,-2.978038000000005,MXR Distortion Plus,75%,NA,
11714.0625,-3.1213860000000047,MXR Distortion Plus,75%,NA,
11757.128906,-3.4086640000000017,MXR Distortion Plus,75%,NA,
11800.195312,-3.744302000000001,MXR Distortion Plus,75%,NA,
11843.261719,-3.622359000000003,MXR Distortion Plus,75%,NA,
11886.328125,-4.034972000000003,MXR Distortion Plus,75%,NA,
11929.394531,-3.997323999999999,MXR Distortion Plus,75%,NA,
11972.460938,-3.6473210000000016,MXR Distortion Plus,75%,NA,
12015.527344,-3.1497400000000013,MXR Distortion Plus,75%,NA,
12058.59375,-2.7692400000000035,MXR Distortion Plus,75%,NA,
12101.660156,-2.3716080000000055,MXR Distortion Plus,75%,NA,
12144.726562,-2.892866999999999,MXR Distortion Plus,75%,NA,
12187.792969,-3.1279610000000027,MXR Distortion Plus,75%,NA,
12230.859375,-2.3698549999999976,MXR Distortion Plus,75%,NA,
12273.925781,-2.8076469999999993,MXR Distortion Plus,75%,NA,
12316.992188,-2.9079830000000015,MXR Distortion Plus,75%,NA,
12360.058594,-2.740484000000002,MXR Distortion Plus,75%,NA,
12403.125,-2.1226580000000013,MXR Distortion Plus,75%,NA,
12446.191406,-2.315888000000001,MXR Distortion Plus,75%,NA,
12489.257812,-3.2585570000000033,MXR Distortion Plus,75%,NA,
12532.324219,-3.176544,MXR Distortion Plus,75%,NA,
12575.390625,-2.7740170000000006,MXR Distortion Plus,75%,NA,
12618.457031,-2.7070019999999992,MXR Distortion Plus,75%,NA,
12661.523438,-2.902144,MXR Distortion Plus,75%,NA,
12704.589844,-3.275020999999999,MXR Distortion Plus,75%,NA,
12747.65625,-3.4730640000000044,MXR Distortion Plus,75%,NA,
12790.722656,-3.863225,MXR Distortion Plus,75%,NA,
12833.789062,-3.430476000000006,MXR Distortion Plus,75%,NA,
12876.855469,-3.591401000000001,MXR Distortion Plus,75%,NA,
12919.921875,-3.5888330000000046,MXR Distortion Plus,75%,NA,
12962.988281,-3.4865390000000005,MXR Distortion Plus,75%,NA,
13006.054688,-3.739936,MXR Distortion Plus,75%,NA,
13049.121094,-3.848793999999998,MXR Distortion Plus,75%,NA,
13092.1875,-3.5978170000000027,MXR Distortion Plus,75%,NA,
13135.253906,-3.541508000000004,MXR Distortion Plus,75%,NA,
13178.320312,-2.985749000000002,MXR Distortion Plus,75%,NA,
13221.386719,-3.7300980000000017,MXR Distortion Plus,75%,NA,
13264.453125,-4.303751999999999,MXR Distortion Plus,75%,NA,
13307.519531,-4.291463000000004,MXR Distortion Plus,75%,NA,
13350.585938,-3.7226460000000046,MXR Distortion Plus,75%,NA,
13393.652344,-2.8908280000000026,MXR Distortion Plus,75%,NA,
13436.71875,-3.202888999999999,MXR Distortion Plus,75%,NA,
13479.785156,-3.2696590000000043,MXR Distortion Plus,75%,NA,
13522.851562,-3.0904900000000026,MXR Distortion Plus,75%,NA,
13565.917969,-3.497913999999998,MXR Distortion Plus,75%,NA,
13608.984375,-3.706477000000003,MXR Distortion Plus,75%,NA,
13652.050781,-3.5279340000000055,MXR Distortion Plus,75%,NA,
13695.117188,-3.6223120000000044,MXR Distortion Plus,75%,NA,
13738.183594,-3.936065000000003,MXR Distortion Plus,75%,NA,
13781.25,-4.613353000000004,MXR Distortion Plus,75%,NA,
13824.316406,-4.061544000000005,MXR Distortion Plus,75%,NA,
13867.382812,-3.4643639999999998,MXR Distortion Plus,75%,NA,
13910.449219,-3.7986540000000026,MXR Distortion Plus,75%,NA,
13953.515625,-4.1239310000000025,MXR Distortion Plus,75%,NA,
13996.582031,-4.3044270000000004,MXR Distortion Plus,75%,NA,
14039.648438,-3.3300459999999994,MXR Distortion Plus,75%,NA,
14082.714844,-3.095992000000006,MXR Distortion Plus,75%,NA,
14125.78125,-3.5132440000000003,MXR Distortion Plus,75%,NA,
14168.847656,-3.7428850000000047,MXR Distortion Plus,75%,NA,
14211.914062,-3.4294119999999992,MXR Distortion Plus,75%,NA,
14254.980469,-3.6623680000000043,MXR Distortion Plus,75%,NA,
14298.046875,-4.604946000000005,MXR Distortion Plus,75%,NA,
14341.113281,-3.990817,MXR Distortion Plus,75%,NA,
14384.179688,-3.3990510000000036,MXR Distortion Plus,75%,NA,
14427.246094,-3.236297000000004,MXR Distortion Plus,75%,NA,
14470.3125,-4.004065999999998,MXR Distortion Plus,75%,NA,
14513.378906,-4.300944000000005,MXR Distortion Plus,75%,NA,
14556.445312,-4.108400999999997,MXR Distortion Plus,75%,NA,
14599.511719,-3.9890700000000017,MXR Distortion Plus,75%,NA,
14642.578125,-3.800376,MXR Distortion Plus,75%,NA,
14685.644531,-3.456241000000002,MXR Distortion Plus,75%,NA,
14728.710938,-3.9698439999999984,MXR Distortion Plus,75%,NA,
14771.777344,-4.007286000000004,MXR Distortion Plus,75%,NA,
14814.84375,-3.5986849999999997,MXR Distortion Plus,75%,NA,
14857.910156,-3.8518089999999994,MXR Distortion Plus,75%,NA,
14900.976562,-3.5629860000000058,MXR Distortion Plus,75%,NA,
14944.042969,-3.881128999999998,MXR Distortion Plus,75%,NA,
14987.109375,-4.179816000000006,MXR Distortion Plus,75%,NA,
15030.175781,-4.492065,MXR Distortion Plus,75%,NA,
15073.242188,-4.5191300000000005,MXR Distortion Plus,75%,NA,
15116.308594,-4.351539000000006,MXR Distortion Plus,75%,NA,
15159.375,-3.575965,MXR Distortion Plus,75%,NA,
15202.441406,-3.9257140000000064,MXR Distortion Plus,75%,NA,
15245.507812,-4.178203,MXR Distortion Plus,75%,NA,
15288.574219,-4.985625000000002,MXR Distortion Plus,75%,NA,
15331.640625,-4.437484000000001,MXR Distortion Plus,75%,NA,
15374.707031,-3.0458409999999994,MXR Distortion Plus,75%,NA,
15417.773438,-3.7249450000000017,MXR Distortion Plus,75%,NA,
15460.839844,-4.455654000000006,MXR Distortion Plus,75%,NA,
15503.90625,-3.8953390000000034,MXR Distortion Plus,75%,NA,
15546.972656,-3.811498000000004,MXR Distortion Plus,75%,NA,
15590.039062,-3.9362560000000038,MXR Distortion Plus,75%,NA,
15633.105469,-4.079915000000007,MXR Distortion Plus,75%,NA,
15676.171875,-4.612067,MXR Distortion Plus,75%,NA,
15719.238281,-4.177260999999998,MXR Distortion Plus,75%,NA,
15762.304688,-3.8921349999999997,MXR Distortion Plus,75%,NA,
15805.371094,-4.650923000000002,MXR Distortion Plus,75%,NA,
15848.4375,-5.022024999999996,MXR Distortion Plus,75%,NA,
15891.503906,-4.975584999999999,MXR Distortion Plus,75%,NA,
15934.570312,-4.026923,MXR Distortion Plus,75%,NA,
15977.636719,-4.3117899999999985,MXR Distortion Plus,75%,NA,
16020.703125,-3.696799000000002,MXR Distortion Plus,75%,NA,
16063.769531,-3.5340140000000027,MXR Distortion Plus,75%,NA,
16106.835938,-4.226547,MXR Distortion Plus,75%,NA,
16149.902344,-4.723056000000003,MXR Distortion Plus,75%,NA,
16192.96875,-5.110614000000002,MXR Distortion Plus,75%,NA,
16236.035156,-5.165445999999999,MXR Distortion Plus,75%,NA,
16279.101562,-4.793929000000002,MXR Distortion Plus,75%,NA,
16322.167969,-4.408687000000004,MXR Distortion Plus,75%,NA,
16365.234375,-4.359569000000004,MXR Distortion Plus,75%,NA,
16408.300781,-4.148864000000007,MXR Distortion Plus,75%,NA,
16451.367188,-3.720134000000005,MXR Distortion Plus,75%,NA,
16494.433594,-4.220058000000005,MXR Distortion Plus,75%,NA,
16537.5,-5.479358000000001,MXR Distortion Plus,75%,NA,
16580.566406,-5.2565650000000055,MXR Distortion Plus,75%,NA,
16623.632812,-4.904361000000005,MXR Distortion Plus,75%,NA,
16666.699219,-4.484401000000002,MXR Distortion Plus,75%,NA,
16709.765625,-4.2460930000000054,MXR Distortion Plus,75%,NA,
16752.832031,-4.933028000000004,MXR Distortion Plus,75%,NA,
16795.898438,-4.905707000000003,MXR Distortion Plus,75%,NA,
16838.964844,-4.917720000000006,MXR Distortion Plus,75%,NA,
16882.03125,-4.6089320000000065,MXR Distortion Plus,75%,NA,
16925.097656,-4.600691999999999,MXR Distortion Plus,75%,NA,
16968.164062,-4.422477000000004,MXR Distortion Plus,75%,NA,
17011.230469,-3.939128,MXR Distortion Plus,75%,NA,
17054.296875,-4.254091999999996,MXR Distortion Plus,75%,NA,
17097.363281,-4.165797000000001,MXR Distortion Plus,75%,NA,
17140.429688,-4.008528000000002,MXR Distortion Plus,75%,NA,
17183.496094,-4.4072330000000015,MXR Distortion Plus,75%,NA,
17226.5625,-3.9415960000000005,MXR Distortion Plus,75%,NA,
17269.628906,-3.735236000000004,MXR Distortion Plus,75%,NA,
17312.695312,-4.4540670000000055,MXR Distortion Plus,75%,NA,
17355.761719,-4.012935000000002,MXR Distortion Plus,75%,NA,
17398.828125,-3.981879000000003,MXR Distortion Plus,75%,NA,
17441.894531,-4.978622000000005,MXR Distortion Plus,75%,NA,
17484.960938,-5.389858000000007,MXR Distortion Plus,75%,NA,
17528.027344,-5.6025269999999985,MXR Distortion Plus,75%,NA,
17571.09375,-5.2509869999999985,MXR Distortion Plus,75%,NA,
17614.160156,-4.705043000000007,MXR Distortion Plus,75%,NA,
17657.226562,-4.517143000000001,MXR Distortion Plus,75%,NA,
17700.292969,-4.927013000000006,MXR Distortion Plus,75%,NA,
17743.359375,-5.088161000000003,MXR Distortion Plus,75%,NA,
17786.425781,-4.756572000000002,MXR Distortion Plus,75%,NA,
17829.492188,-5.181541000000006,MXR Distortion Plus,75%,NA,
17872.558594,-5.015517000000006,MXR Distortion Plus,75%,NA,
17915.625,-4.921077,MXR Distortion Plus,75%,NA,
17958.691406,-4.632709000000002,MXR Distortion Plus,75%,NA,
18001.757812,-4.359138000000005,MXR Distortion Plus,75%,NA,
18044.824219,-5.1078439999999965,MXR Distortion Plus,75%,NA,
18087.890625,-4.882404000000005,MXR Distortion Plus,75%,NA,
18130.957031,-5.468292000000002,MXR Distortion Plus,75%,NA,
18174.023438,-5.048256000000006,MXR Distortion Plus,75%,NA,
18217.089844,-4.439260999999998,MXR Distortion Plus,75%,NA,
18260.15625,-4.2721510000000045,MXR Distortion Plus,75%,NA,
18303.222656,-4.320342,MXR Distortion Plus,75%,NA,
18346.289062,-5.414810000000006,MXR Distortion Plus,75%,NA,
18389.355469,-5.625060000000001,MXR Distortion Plus,75%,NA,
18432.421875,-5.196246000000006,MXR Distortion Plus,75%,NA,
18475.488281,-4.619136000000001,MXR Distortion Plus,75%,NA,
18518.554688,-4.579958999999999,MXR Distortion Plus,75%,NA,
18561.621094,-4.508273999999997,MXR Distortion Plus,75%,NA,
18604.6875,-4.764568000000008,MXR Distortion Plus,75%,NA,
18647.753906,-4.078327000000005,MXR Distortion Plus,75%,NA,
18690.820312,-3.9571100000000037,MXR Distortion Plus,75%,NA,
18733.886719,-4.844516000000002,MXR Distortion Plus,75%,NA,
18776.953125,-5.078960000000006,MXR Distortion Plus,75%,NA,
18820.019531,-5.0513220000000025,MXR Distortion Plus,75%,NA,
18863.085938,-4.542274000000003,MXR Distortion Plus,75%,NA,
18906.152344,-5.095713999999997,MXR Distortion Plus,75%,NA,
18949.21875,-5.0701710000000055,MXR Distortion Plus,75%,NA,
18992.285156,-5.462706999999998,MXR Distortion Plus,75%,NA,
19035.351562,-5.3404380000000025,MXR Distortion Plus,75%,NA,
19078.417969,-4.467566999999999,MXR Distortion Plus,75%,NA,
19121.484375,-5.385299000000007,MXR Distortion Plus,75%,NA,
19164.550781,-5.876697000000004,MXR Distortion Plus,75%,NA,
19207.617188,-5.461563000000002,MXR Distortion Plus,75%,NA,
19250.683594,-5.23096,MXR Distortion Plus,75%,NA,
19293.75,-4.330352000000001,MXR Distortion Plus,75%,NA,
19336.816406,-4.409568000000004,MXR Distortion Plus,75%,NA,
19379.882812,-5.654834000000005,MXR Distortion Plus,75%,NA,
19422.949219,-5.621531000000001,MXR Distortion Plus,75%,NA,
19466.015625,-5.3189150000000005,MXR Distortion Plus,75%,NA,
19509.082031,-5.496745999999998,MXR Distortion Plus,75%,NA,
19552.148438,-5.708083000000006,MXR Distortion Plus,75%,NA,
19595.214844,-4.773952000000005,MXR Distortion Plus,75%,NA,
19638.28125,-4.625225000000004,MXR Distortion Plus,75%,NA,
19681.347656,-5.329112000000006,MXR Distortion Plus,75%,NA,
19724.414062,-5.301871000000002,MXR Distortion Plus,75%,NA,
19767.480469,-6.0336529999999975,MXR Distortion Plus,75%,NA,
19810.546875,-5.984325000000002,MXR Distortion Plus,75%,NA,
19853.613281,-5.616682999999998,MXR Distortion Plus,75%,NA,
19896.679688,-5.333330999999998,MXR Distortion Plus,75%,NA,
19939.746094,-5.5916239999999995,MXR Distortion Plus,75%,NA,
19982.8125,-5.503650000000004,MXR Distortion Plus,75%,NA,