frequency_hz,dB,pedal,gain,tone
43.066406,-22.093952,Ibanez TS808,50%,0%
86.132812,-14.299295000000004,Ibanez TS808,50%,0%
129.199219,-10.468786000000005,Ibanez TS808,50%,0%
172.265625,-8.997117000000003,Ibanez TS808,50%,0%
215.332031,-8.066373000000006,Ibanez TS808,50%,0%
258.398438,-6.777064000000003,Ibanez TS808,50%,0%
301.464844,-5.320680000000003,Ibanez TS808,50%,0%
344.53125,-5.305855000000003,Ibanez TS808,50%,0%
387.597656,-5.127719000000003,Ibanez TS808,50%,0%
430.664062,-4.2891150000000025,Ibanez TS808,50%,0%
473.730469,-4.171617000000005,Ibanez TS808,50%,0%
516.796875,-4.795294000000002,Ibanez TS808,50%,0%
559.863281,-3.9919630000000055,Ibanez TS808,50%,0%
602.929688,-4.148653000000007,Ibanez TS808,50%,0%
645.996094,-4.168472000000001,Ibanez TS808,50%,0%
689.0625,-4.300267000000005,Ibanez TS808,50%,0%
732.128906,-4.6781270000000035,Ibanez TS808,50%,0%
775.195312,-4.6720690000000005,Ibanez TS808,50%,0%
818.261719,-4.330110000000001,Ibanez TS808,50%,0%
861.328125,-4.716625000000004,Ibanez TS808,50%,0%
904.394531,-4.466613000000002,Ibanez TS808,50%,0%
947.460938,-5.129764999999999,Ibanez TS808,50%,0%
990.527344,-5.5025130000000075,Ibanez TS808,50%,0%
1033.59375,-6.5863890000000005,Ibanez TS808,50%,0%
1076.660156,-5.743579000000004,Ibanez TS808,50%,0%
1119.726562,-6.055967000000006,Ibanez TS808,50%,0%
1162.792969,-6.675551000000006,Ibanez TS808,50%,0%
1205.859375,-6.644805000000002,Ibanez TS808,50%,0%
1248.925781,-6.091569000000003,Ibanez TS808,50%,0%
1291.992188,-6.184811000000007,Ibanez TS808,50%,0%
1335.058594,-6.386950000000002,Ibanez TS808,50%,0%
1378.125,-5.490234000000001,Ibanez TS808,50%,0%
1421.191406,-6.310203000000001,Ibanez TS808,50%,0%
1464.257812,-7.212075000000006,Ibanez TS808,50%,0%
1507.324219,-6.788434000000006,Ibanez TS808,50%,0%
1550.390625,-7.519866000000004,Ibanez TS808,50%,0%
1593.457031,-7.285226000000005,Ibanez TS808,50%,0%
1636.523438,-7.466569000000003,Ibanez TS808,50%,0%
1679.589844,-7.570280000000004,Ibanez TS808,50%,0%
1722.65625,-7.5869370000000025,Ibanez TS808,50%,0%
1765.722656,-6.813989000000003,Ibanez TS808,50%,0%
1808.789062,-7.557763000000001,Ibanez TS808,50%,0%
1851.855469,-8.255075000000001,Ibanez TS808,50%,0%
1894.921875,-9.302190000000007,Ibanez TS808,50%,0%
1937.988281,-9.670003000000005,Ibanez TS808,50%,0%
1981.054688,-9.259908,Ibanez TS808,50%,0%
2024.121094,-9.297048000000004,Ibanez TS808,50%,0%
2067.1875,-9.109433000000003,Ibanez TS808,50%,0%
2110.253906,-9.353702000000002,Ibanez TS808,50%,0%
2153.320312,-9.849741999999999,Ibanez TS808,50%,0%
2196.386719,-9.599334000000006,Ibanez TS808,50%,0%
2239.453125,-9.194816000000007,Ibanez TS808,50%,0%
2282.519531,-9.479890000000001,Ibanez TS808,50%,0%
2325.585938,-10.113567000000003,Ibanez TS808,50%,0%
2368.652344,-9.855734000000002,Ibanez TS808,50%,0%
2411.71875,-9.927517000000005,Ibanez TS808,50%,0%
2454.785156,-9.437427000000007,Ibanez TS808,50%,0%
2497.851562,-10.097625000000004,Ibanez TS808,50%,0%
2540.917969,-10.437890000000003,Ibanez TS808,50%,0%
2583.984375,-10.715906,Ibanez TS808,50%,0%
2627.050781,-10.979149000000003,Ibanez TS808,50%,0%
2670.117188,-10.496423000000007,Ibanez TS808,50%,0%
2713.183594,-10.815868000000002,Ibanez TS808,50%,0%
2756.25,-11.109605000000002,Ibanez TS808,50%,0%
2799.316406,-10.881030000000003,Ibanez TS808,50%,0%
2842.382812,-11.278301000000003,Ibanez TS808,50%,0%
2885.449219,-11.394338000000001,Ibanez TS808,50%,0%
2928.515625,-10.954694000000003,Ibanez TS808,50%,0%
2971.582031,-10.638212000000006,Ibanez TS808,50%,0%
3014.648438,-10.900018000000006,Ibanez TS808,50%,0%
3057.714844,-11.140880000000006,Ibanez TS808,50%,0%
3100.78125,-11.363172000000006,Ibanez TS808,50%,0%
3143.847656,-11.856956000000004,Ibanez TS808,50%,0%
3186.914062,-11.303571000000005,Ibanez TS808,50%,0%
3229.980469,-10.820594,Ibanez TS808,50%,0%
3273.046875,-10.478385000000006,Ibanez TS808,50%,0%
3316.113281,-11.256101000000001,Ibanez TS808,50%,0%
3359.179688,-12.261786000000008,Ibanez TS808,50%,0%
3402.246094,-11.715923000000004,Ibanez TS808,50%,0%
3445.3125,-11.161943,Ibanez TS808,50%,0%
3488.378906,-11.721797000000002,Ibanez TS808,50%,0%
3531.445312,-11.591022000000002,Ibanez TS808,50%,0%
3574.511719,-11.074912000000005,Ibanez TS808,50%,0%
3617.578125,-11.524894000000003,Ibanez TS808,50%,0%
3660.644531,-11.867958000000002,Ibanez TS808,50%,0%
3703.710938,-11.704109000000003,Ibanez TS808,50%,0%
3746.777344,-11.416377000000004,Ibanez TS808,50%,0%
3789.84375,-12.265842,Ibanez TS808,50%,0%
3832.910156,-12.974891000000007,Ibanez TS808,50%,0%
3875.976562,-12.089770000000009,Ibanez TS808,50%,0%
3919.042969,-12.262862000000005,Ibanez TS808,50%,0%
3962.109375,-12.487369000000001,Ibanez TS808,50%,0%
4005.175781,-12.253349000000007,Ibanez TS808,50%,0%
4048.242188,-12.648956000000005,Ibanez TS808,50%,0%
4091.308594,-12.710891000000004,Ibanez TS808,50%,0%
4134.375,-12.709568000000004,Ibanez TS808,50%,0%
4177.441406,-13.468826000000007,Ibanez TS808,50%,0%
4220.507812,-14.040214000000006,Ibanez TS808,50%,0%
4263.574219,-13.115649000000005,Ibanez TS808,50%,0%
4306.640625,-12.693626000000009,Ibanez TS808,50%,0%
4349.707031,-13.31042,Ibanez TS808,50%,0%
4392.773438,-13.267700000000005,Ibanez TS808,50%,0%
4435.839844,-13.483898000000003,Ibanez TS808,50%,0%
4478.90625,-13.534297000000002,Ibanez TS808,50%,0%
4521.972656,-14.113761000000004,Ibanez TS808,50%,0%
4565.039062,-13.208278000000007,Ibanez TS808,50%,0%
4608.105469,-13.182651,Ibanez TS808,50%,0%
4651.171875,-13.287536000000003,Ibanez TS808,50%,0%
4694.238281,-12.894801000000008,Ibanez TS808,50%,0%
4737.304688,-13.670062999999999,Ibanez TS808,50%,0%
4780.371094,-13.928939999999997,Ibanez TS808,50%,0%
4823.4375,-13.433124,Ibanez TS808,50%,0%
4866.503906,-13.339657000000003,Ibanez TS808,50%,0%
4909.570312,-13.340777000000003,Ibanez TS808,50%,0%
4952.636719,-13.747459000000006,Ibanez TS808,50%,0%
4995.703125,-13.823646000000004,Ibanez TS808,50%,0%
5038.769531,-14.291609999999999,Ibanez TS808,50%,0%
5081.835938,-14.264770000000006,Ibanez TS808,50%,0%
5124.902344,-14.801292000000004,Ibanez TS808,50%,0%
5167.96875,-14.618519000000006,Ibanez TS808,50%,0%
5211.035156,-14.042388000000003,Ibanez TS808,50%,0%
5254.101562,-14.02272,Ibanez TS808,50%,0%
5297.167969,-13.967979000000007,Ibanez TS808,50%,0%
5340.234375,-14.718883000000005,Ibanez TS808,50%,0%
5383.300781,-13.914908000000004,Ibanez TS808,50%,0%
5426.367188,-13.830061999999998,Ibanez TS808,50%,0%
5469.433594,-13.900390000000009,Ibanez TS808,50%,0%
5512.5,-14.157813000000004,Ibanez TS808,50%,0%
5555.566406,-14.859561000000006,Ibanez TS808,50%,0%
5598.632812,-15.203193000000006,Ibanez TS808,50%,0%
5641.699219,-14.290588000000007,Ibanez TS808,50%,0%
5684.765625,-14.106842000000007,Ibanez TS808,50%,0%
5727.832031,-13.486785000000005,Ibanez TS808,50%,0%
5770.898438,-13.914016000000004,Ibanez TS808,50%,0%
5813.964844,-14.247062,Ibanez TS808,50%,0%
5857.03125,-14.453670000000002,Ibanez TS808,50%,0%
5900.097656,-14.437930000000009,Ibanez TS808,50%,0%
5943.164062,-14.233546000000004,Ibanez TS808,50%,0%
5986.230469,-14.710124,Ibanez TS808,50%,0%
6029.296875,-14.797263000000001,Ibanez TS808,50%,0%
6072.363281,-14.925559,Ibanez TS808,50%,0%
6115.429688,-15.285705,Ibanez TS808,50%,0%
6158.496094,-15.771877000000003,Ibanez TS808,50%,0%
6201.5625,-15.279751000000005,Ibanez TS808,50%,0%
6244.628906,-15.557312000000003,Ibanez TS808,50%,0%
6287.695312,-14.878387000000004,Ibanez TS808,50%,0%
6330.761719,-14.767780000000002,Ibanez TS808,50%,0%
6373.828125,-15.573409000000005,Ibanez TS808,50%,0%
6416.894531,-15.691527,Ibanez TS808,50%,0%
6459.960938,-16.57255500000001,Ibanez TS808,50%,0%
6503.027344,-15.488761000000004,Ibanez TS808,50%,0%
6546.09375,-14.779960000000003,Ibanez TS808,50%,0%
6589.160156,-15.357714999999999,Ibanez TS808,50%,0%
6632.226562,-15.034515000000006,Ibanez TS808,50%,0%
6675.292969,-15.309131,Ibanez TS808,50%,0%
6718.359375,-16.444229,Ibanez TS808,50%,0%
6761.425781,-16.217876000000004,Ibanez TS808,50%,0%
6804.492188,-16.192173000000004,Ibanez TS808,50%,0%
6847.558594,-15.89065500000001,Ibanez TS808,50%,0%
6890.625,-16.268275000000003,Ibanez TS808,50%,0%
6933.691406,-16.060474000000006,Ibanez TS808,50%,0%
6976.757812,-15.130680000000005,Ibanez TS808,50%,0%
7019.824219,-15.937675000000006,Ibanez TS808,50%,0%
7062.890625,-17.545303000000004,Ibanez TS808,50%,0%
7105.957031,-16.54807600000001,Ibanez TS808,50%,0%
7149.023438,-16.978527000000007,Ibanez TS808,50%,0%
7192.089844,-16.594738,Ibanez TS808,50%,0%
7235.15625,-17.219592,Ibanez TS808,50%,0%
7278.222656,-16.886268,Ibanez TS808,50%,0%
7321.289062,-17.085307999999998,Ibanez TS808,50%,0%
7364.355469,-16.029971000000003,Ibanez TS808,50%,0%
7407.421875,-15.590942000000005,Ibanez TS808,50%,0%
7450.488281,-15.612292000000004,Ibanez TS808,50%,0%
7493.554688,-15.662590000000009,Ibanez TS808,50%,0%
7536.621094,-16.03087500000001,Ibanez TS808,50%,0%
7579.6875,-16.231674000000005,Ibanez TS808,50%,0%
7622.753906,-16.498119000000003,Ibanez TS808,50%,0%
7665.820312,-17.069560000000003,Ibanez TS808,50%,0%
7708.886719,-17.666801,Ibanez TS808,50%,0%
7751.953125,-17.381759000000002,Ibanez TS808,50%,0%
7795.019531,-17.57466,Ibanez TS808,50%,0%
7838.085938,-17.384311000000004,Ibanez TS808,50%,0%
7881.152344,-16.734501,Ibanez TS808,50%,0%
7924.21875,-17.340221,Ibanez TS808,50%,0%
7967.285156,-17.690689,Ibanez TS808,50%,0%
8010.351562,-17.806468000000002,Ibanez TS808,50%,0%
8053.417969,-17.101978000000003,Ibanez TS808,50%,0%
8096.484375,-17.609096,Ibanez TS808,50%,0%
8139.550781,-17.969951000000002,Ibanez TS808,50%,0%
8182.617188,-17.243568000000003,Ibanez TS808,50%,0%
8225.683594,-17.626106,Ibanez TS808,50%,0%
8268.75,-18.219139000000006,Ibanez TS808,50%,0%
8311.816406,-17.975837,Ibanez TS808,50%,0%
8354.882812,-16.94746,Ibanez TS808,50%,0%
8397.949219,-17.500728000000002,Ibanez TS808,50%,0%
8441.015625,-18.814159000000004,Ibanez TS808,50%,0%
8484.082031,-18.593787,Ibanez TS808,50%,0%
8527.148438,-18.061542000000003,Ibanez TS808,50%,0%
8570.214844,-17.304264000000003,Ibanez TS808,50%,0%
8613.28125,-17.506702000000004,Ibanez TS808,50%,0%
8656.347656,-17.78463,Ibanez TS808,50%,0%
8699.414062,-18.076359000000004,Ibanez TS808,50%,0%
8742.480469,-18.099193000000007,Ibanez TS808,50%,0%
8785.546875,-17.873958000000002,Ibanez TS808,50%,0%
8828.613281,-17.953838000000005,Ibanez TS808,50%,0%
8871.679688,-17.578426,Ibanez TS808,50%,0%
8914.746094,-17.615589000000007,Ibanez TS808,50%,0%
8957.8125,-17.741782000000008,Ibanez TS808,50%,0%
9000.878906,-17.477718000000003,Ibanez TS808,50%,0%
9043.945312,-17.730998,Ibanez TS808,50%,0%
9087.011719,-18.321472,Ibanez TS808,50%,0%
9130.078125,-18.573814000000006,Ibanez TS808,50%,0%
9173.144531,-18.786068000000007,Ibanez TS808,50%,0%
9216.210938,-18.650287000000006,Ibanez TS808,50%,0%
9259.277344,-18.54865600000001,Ibanez TS808,50%,0%
9302.34375,-18.073097000000004,Ibanez TS808,50%,0%
9345.410156,-17.961399000000007,Ibanez TS808,50%,0%
9388.476562,-18.083396,Ibanez TS808,50%,0%
9431.542969,-17.967993999999997,Ibanez TS808,50%,0%
9474.609375,-17.60657400000001,Ibanez TS808,50%,0%
9517.675781,-18.24351,Ibanez TS808,50%,0%
9560.742188,-18.51505600000001,Ibanez TS808,50%,0%
9603.808594,-18.780029000000006,Ibanez TS808,50%,0%
9646.875,-18.462196,Ibanez TS808,50%,0%
9689.941406,-18.756752,Ibanez TS808,50%,0%
9733.007812,-19.1678,Ibanez TS808,50%,0%
9776.074219,-18.840404000000007,Ibanez TS808,50%,0%
9819.140625,-19.168010000000002,Ibanez TS808,50%,0%
9862.207031,-19.672313000000003,Ibanez TS808,50%,0%
9905.273438,-20.005675000000004,Ibanez TS808,50%,0%
9948.339844,-19.996311000000006,Ibanez TS808,50%,0%
9991.40625,-19.118606000000007,Ibanez TS808,50%,0%
10034.472656,-19.281246000000003,Ibanez TS808,50%,0%
10077.539062,-18.98225,Ibanez TS808,50%,0%
10120.605469,-19.38118,Ibanez TS808,50%,0%
10163.671875,-20.305893000000005,Ibanez TS808,50%,0%
10206.738281,-19.709144000000002,Ibanez TS808,50%,0%
10249.804688,-19.221439000000004,Ibanez TS808,50%,0%
10292.871094,-19.270339,Ibanez TS808,50%,0%
10335.9375,-19.751830000000005,Ibanez TS808,50%,0%
10379.003906,-20.228111,Ibanez TS808,50%,0%
10422.070312,-20.199191000000006,Ibanez TS808,50%,0%
10465.136719,-20.247199000000002,Ibanez TS808,50%,0%
10508.203125,-19.910422000000004,Ibanez TS808,50%,0%
10551.269531,-19.992363000000005,Ibanez TS808,50%,0%
10594.335938,-19.425082000000003,Ibanez TS808,50%,0%
10637.402344,-20.106449000000005,Ibanez TS808,50%,0%
10680.46875,-20.696445000000004,Ibanez TS808,50%,0%
10723.535156,-20.204071,Ibanez TS808,50%,0%
10766.601562,-19.444747,Ibanez TS808,50%,0%
10809.667969,-20.122985000000007,Ibanez TS808,50%,0%
10852.734375,-20.690204,Ibanez TS808,50%,0%
10895.800781,-20.921211,Ibanez TS808,50%,0%
10938.867188,-21.137950000000004,Ibanez TS808,50%,0%
10981.933594,-20.403232000000003,Ibanez TS808,50%,0%
11025,-20.365005000000004,Ibanez TS808,50%,0%
11068.066406,-20.736942,Ibanez TS808,50%,0%
11111.132812,-20.545452000000004,Ibanez TS808,50%,0%
11154.199219,-20.799979,Ibanez TS808,50%,0%
11197.265625,-20.917437,Ibanez TS808,50%,0%
11240.332031,-20.159938000000004,Ibanez TS808,50%,0%
11283.398438,-20.498271000000003,Ibanez TS808,50%,0%
11326.464844,-20.276626000000007,Ibanez TS808,50%,0%
11369.53125,-20.800029000000002,Ibanez TS808,50%,0%
11412.597656,-20.623645000000003,Ibanez TS808,50%,0%
11455.664062,-20.47237700000001,Ibanez TS808,50%,0%
11498.730469,-21.014659,Ibanez TS808,50%,0%
11541.796875,-21.680305000000004,Ibanez TS808,50%,0%
11584.863281,-21.474227,Ibanez TS808,50%,0%
11627.929688,-20.926624000000004,Ibanez TS808,50%,0%
11670.996094,-21.313266000000006,Ibanez TS808,50%,0%
11714.0625,-21.78627000000001,Ibanez TS808,50%,0%
11757.128906,-20.946013,Ibanez TS808,50%,0%
11800.195312,-21.191795,Ibanez TS808,50%,0%
11843.261719,-21.005763,Ibanez TS808,50%,0%
11886.328125,-20.996425000000002,Ibanez TS808,50%,0%
11929.394531,-21.100887,Ibanez TS808,50%,0%
11972.460938,-21.127590000000005,Ibanez TS808,50%,0%
12015.527344,-20.81628,Ibanez TS808,50%,0%
12058.59375,-21.736907000000002,Ibanez TS808,50%,0%
12101.660156,-21.606555000000007,Ibanez TS808,50%,0%
12144.726562,-21.576938000000006,Ibanez TS808,50%,0%
12187.792969,-21.703989999999997,Ibanez TS808,50%,0%
12230.859375,-21.771934,Ibanez TS808,50%,0%
12273.925781,-21.676635000000005,Ibanez TS808,50%,0%
12316.992188,-21.753425,Ibanez TS808,50%,0%
12360.058594,-21.889488000000007,Ibanez TS808,50%,0%
12403.125,-21.174377,Ibanez TS808,50%,0%
12446.191406,-21.526592000000008,Ibanez TS808,50%,0%
12489.257812,-22.638194000000006,Ibanez TS808,50%,0%
12532.324219,-21.762443000000005,Ibanez TS808,50%,0%
12575.390625,-21.506866000000002,Ibanez TS808,50%,0%
12618.457031,-21.505633000000003,Ibanez TS808,50%,0%
12661.523438,-21.107838,Ibanez TS808,50%,0%
12704.589844,-21.234786,Ibanez TS808,50%,0%
12747.65625,-22.084957000000003,Ibanez TS808,50%,0%
12790.722656,-22.476959,Ibanez TS808,50%,0%
12833.789062,-21.639129000000004,Ibanez TS808,50%,0%
12876.855469,-21.853466000000004,Ibanez TS808,50%,0%
12919.921875,-21.947742000000005,Ibanez TS808,50%,0%
12962.988281,-22.085803000000006,Ibanez TS808,50%,0%
13006.054688,-22.847266000000005,Ibanez TS808,50%,0%
13049.121094,-22.478176000000005,Ibanez TS808,50%,0%
13092.1875,-22.662524000000005,Ibanez TS808,50%,0%
13135.253906,-22.471805000000003,Ibanez TS808,50%,0%
13178.320312,-21.933696000000005,Ibanez TS808,50%,0%
13221.386719,-22.232368,Ibanez TS808,50%,0%
13264.453125,-23.024417000000007,Ibanez TS808,50%,0%
13307.519531,-22.92870700000001,Ibanez TS808,50%,0%
13350.585938,-22.390316,Ibanez TS808,50%,0%
13393.652344,-22.274141999999998,Ibanez TS808,50%,0%
13436.71875,-22.773872000000004,Ibanez TS808,50%,0%
13479.785156,-23.827907000000003,Ibanez TS808,50%,0%
13522.851562,-23.416157,Ibanez TS808,50%,0%
13565.917969,-22.775867000000005,Ibanez TS808,50%,0%
13608.984375,-22.657203000000003,Ibanez TS808,50%,0%
13652.050781,-23.206153,Ibanez TS808,50%,0%
13695.117188,-23.501987000000007,Ibanez TS808,50%,0%
13738.183594,-23.558529,Ibanez TS808,50%,0%
13781.25,-24.180457000000004,Ibanez TS808,50%,0%
13824.316406,-23.759399000000002,Ibanez TS808,50%,0%
13867.382812,-22.875819000000007,Ibanez TS808,50%,0%
13910.449219,-22.669528,Ibanez TS808,50%,0%
13953.515625,-23.116084,Ibanez TS808,50%,0%
13996.582031,-23.189224000000003,Ibanez TS808,50%,0%
14039.648438,-23.422885000000008,Ibanez TS808,50%,0%
14082.714844,-23.384788000000007,Ibanez TS808,50%,0%
14125.78125,-23.394016,Ibanez TS808,50%,0%
14168.847656,-23.73664,Ibanez TS808,50%,0%
14211.914062,-23.934467000000005,Ibanez TS808,50%,0%
14254.980469,-23.14138700000001,Ibanez TS808,50%,0%
14298.046875,-22.972427000000003,Ibanez TS808,50%,0%
14341.113281,-23.757953,Ibanez TS808,50%,0%
14384.179688,-23.603637,Ibanez TS808,50%,0%
14427.246094,-23.600727,Ibanez TS808,50%,0%
14470.3125,-23.20668,Ibanez TS808,50%,0%
14513.378906,-24.130676,Ibanez TS808,50%,0%
14556.445312,-24.984710000000007,Ibanez TS808,50%,0%
14599.511719,-24.538268000000002,Ibanez TS808,50%,0%
14642.578125,-24.890137000000003,Ibanez TS808,50%,0%
14685.644531,-24.657657000000007,Ibanez TS808,50%,0%
14728.710938,-24.11101800000001,Ibanez TS808,50%,0%
14771.777344,-24.562378000000002,Ibanez TS808,50%,0%
14814.84375,-24.338546,Ibanez TS808,50%,0%
14857.910156,-24.568805000000005,Ibanez TS808,50%,0%
14900.976562,-24.064899000000004,Ibanez TS808,50%,0%
14944.042969,-24.547622000000004,Ibanez TS808,50%,0%
14987.109375,-24.518287000000008,Ibanez TS808,50%,0%
15030.175781,-25.026717000000005,Ibanez TS808,50%,0%
15073.242188,-24.70404,Ibanez TS808,50%,0%
15116.308594,-23.903236,Ibanez TS808,50%,0%
15159.375,-23.982685000000004,Ibanez TS808,50%,0%
15202.441406,-24.237281000000003,Ibanez TS808,50%,0%
15245.507812,-24.271953000000003,Ibanez TS808,50%,0%
15288.574219,-24.547725,Ibanez TS808,50%,0%
15331.640625,-25.302348000000002,Ibanez TS808,50%,0%
15374.707031,-25.640259000000007,Ibanez TS808,50%,0%
15417.773438,-25.255481000000003,Ibanez TS808,50%,0%
15460.839844,-25.261497000000006,Ibanez TS808,50%,0%
15503.90625,-25.342330000000004,Ibanez TS808,50%,0%
15546.972656,-25.024391,Ibanez TS808,50%,0%
15590.039062,-25.097064000000003,Ibanez TS808,50%,0%
15633.105469,-24.737147999999998,Ibanez TS808,50%,0%
15676.171875,-24.35414,Ibanez TS808,50%,0%
15719.238281,-24.299991000000006,Ibanez TS808,50%,0%
15762.304688,-24.743846000000005,Ibanez TS808,50%,0%
15805.371094,-24.346431000000003,Ibanez TS808,50%,0%
15848.4375,-24.334178,Ibanez TS808,50%,0%
15891.503906,-25.299820000000004,Ibanez TS808,50%,0%
15934.570312,-25.441844000000003,Ibanez TS808,50%,0%
15977.636719,-25.28307300000001,Ibanez TS808,50%,0%
16020.703125,-24.849407000000006,Ibanez TS808,50%,0%
16063.769531,-26.098549000000006,Ibanez TS808,50%,0%
16106.835938,-26.028911000000008,Ibanez TS808,50%,0%
16149.902344,-25.725642,Ibanez TS808,50%,0%
16192.96875,-25.54050000000001,Ibanez TS808,50%,0%
16236.035156,-24.727271000000002,Ibanez TS808,50%,0%
16279.101562,-24.393783000000006,Ibanez TS808,50%,0%
16322.167969,-24.872408999999998,Ibanez TS808,50%,0%
16365.234375,-25.599433000000005,Ibanez TS808,50%,0%
16408.300781,-25.500221000000003,Ibanez TS808,50%,0%
16451.367188,-25.432193000000005,Ibanez TS808,50%,0%
16494.433594,-25.429851000000006,Ibanez TS808,50%,0%
16537.5,-25.907257,Ibanez TS808,50%,0%
16580.566406,-25.164562000000004,Ibanez TS808,50%,0%
16623.632812,-25.803828000000003,Ibanez TS808,50%,0%
16666.699219,-26.491725000000002,Ibanez TS808,50%,0%
16709.765625,-25.642849000000005,Ibanez TS808,50%,0%
16752.832031,-25.646289000000003,Ibanez TS808,50%,0%
16795.898438,-26.034438,Ibanez TS808,50%,0%
16838.964844,-26.684329000000005,Ibanez TS808,50%,0%
16882.03125,-26.175873000000003,Ibanez TS808,50%,0%
16925.097656,-26.062752000000003,Ibanez TS808,50%,0%
16968.164062,-26.142032,Ibanez TS808,50%,0%
17011.230469,-27.105629000000008,Ibanez TS808,50%,0%
17054.296875,-27.258609,Ibanez TS808,50%,0%
17097.363281,-27.176715,Ibanez TS808,50%,0%
17140.429688,-26.675117000000007,Ibanez TS808,50%,0%
17183.496094,-26.937790000000007,Ibanez TS808,50%,0%
17226.5625,-27.77057200000001,Ibanez TS808,50%,0%
17269.628906,-27.264151000000005,Ibanez TS808,50%,0%
17312.695312,-27.195823000000004,Ibanez TS808,50%,0%
17355.761719,-26.829113000000007,Ibanez TS808,50%,0%
17398.828125,-26.732181000000004,Ibanez TS808,50%,0%
17441.894531,-27.473274000000004,Ibanez TS808,50%,0%
17484.960938,-27.400493000000004,Ibanez TS808,50%,0%
17528.027344,-26.980288,Ibanez TS808,50%,0%
17571.09375,-27.149688000000005,Ibanez TS808,50%,0%
17614.160156,-26.918350000000004,Ibanez TS808,50%,0%
17657.226562,-26.774631000000007,Ibanez TS808,50%,0%
17700.292969,-26.39315400000001,Ibanez TS808,50%,0%
17743.359375,-26.896785,Ibanez TS808,50%,0%
17786.425781,-26.723762000000008,Ibanez TS808,50%,0%
17829.492188,-26.931137000000007,Ibanez TS808,50%,0%
17872.558594,-27.417419000000002,Ibanez TS808,50%,0%
17915.625,-27.663517000000006,Ibanez TS808,50%,0%
17958.691406,-27.49851600000001,Ibanez TS808,50%,0%
18001.757812,-27.867053000000006,Ibanez TS808,50%,0%
18044.824219,-27.750927000000004,Ibanez TS808,50%,0%
18087.890625,-27.964275000000008,Ibanez TS808,50%,0%
18130.957031,-27.933029000000005,Ibanez TS808,50%,0%
18174.023438,-28.010547000000003,Ibanez TS808,50%,0%
18217.089844,-27.872043000000005,Ibanez TS808,50%,0%
18260.15625,-27.98019,Ibanez TS808,50%,0%
18303.222656,-27.464782000000007,Ibanez TS808,50%,0%
18346.289062,-27.861019000000006,Ibanez TS808,50%,0%
18389.355469,-27.468097000000007,Ibanez TS808,50%,0%
18432.421875,-27.60201200000001,Ibanez TS808,50%,0%
18475.488281,-27.639889000000004,Ibanez TS808,50%,0%
18518.554688,-28.460834000000006,Ibanez TS808,50%,0%
18561.621094,-29.650253000000006,Ibanez TS808,50%,0%
18604.6875,-28.228721000000007,Ibanez TS808,50%,0%
18647.753906,-28.310893000000007,Ibanez TS808,50%,0%
18690.820312,-28.152542000000004,Ibanez TS808,50%,0%
18733.886719,-28.367961000000008,Ibanez TS808,50%,0%
18776.953125,-28.136005000000004,Ibanez TS808,50%,0%
18820.019531,-27.451793000000002,Ibanez TS808,50%,0%
18863.085938,-27.462955,Ibanez TS808,50%,0%
18906.152344,-28.122844,Ibanez TS808,50%,0%
18949.21875,-28.607250000000008,Ibanez TS808,50%,0%
18992.285156,-28.727637,Ibanez TS808,50%,0%
19035.351562,-28.418434000000005,Ibanez TS808,50%,0%
19078.417969,-28.826048999999998,Ibanez TS808,50%,0%
19121.484375,-29.446269000000008,Ibanez TS808,50%,0%
19164.550781,-29.474666000000006,Ibanez TS808,50%,0%
19207.617188,-28.77627100000001,Ibanez TS808,50%,0%
19250.683594,-28.876914,Ibanez TS808,50%,0%
19293.75,-28.977615000000007,Ibanez TS808,50%,0%
19336.816406,-28.226058000000002,Ibanez TS808,50%,0%
19379.882812,-28.29720600000001,Ibanez TS808,50%,0%
19422.949219,-28.772410000000008,Ibanez TS808,50%,0%
19466.015625,-29.096049000000008,Ibanez TS808,50%,0%
19509.082031,-29.489517000000006,Ibanez TS808,50%,0%
19552.148438,-28.745780000000003,Ibanez TS808,50%,0%
19595.214844,-28.331542,Ibanez TS808,50%,0%
19638.28125,-28.726108000000004,Ibanez TS808,50%,0%
19681.347656,-28.869632000000003,Ibanez TS808,50%,0%
19724.414062,-29.363743000000007,Ibanez TS808,50%,0%
19767.480469,-29.214172000000005,Ibanez TS808,50%,0%
19810.546875,-29.052074000000005,Ibanez TS808,50%,0%
19853.613281,-29.627548000000004,Ibanez TS808,50%,0%
19896.679688,-30.078674000000007,Ibanez TS808,50%,0%
19939.746094,-29.240295000000003,Ibanez TS808,50%,0%
19982.8125,-28.949314,Ibanez TS808,50%,0%
43.066406,-21.115697,Ibanez TS808,50%,100%
86.132812,-13.805108000000004,Ibanez TS808,50%,100%
129.199219,-10.059513000000006,Ibanez TS808,50%,100%
172.265625,-8.057294000000002,Ibanez TS808,50%,100%
215.332031,-6.536494000000005,Ibanez TS808,50%,100%
258.398438,-5.478946000000004,Ibanez TS808,50%,100%
301.464844,-3.6468390000000035,Ibanez TS808,50%,100%
344.53125,-2.421242000000003,Ibanez TS808,50%,100%
387.597656,-1.8268390000000032,Ibanez TS808,50%,100%
430.664062,-1.2173640000000034,Ibanez TS808,50%,100%
473.730469,-0.492244000000003,Ibanez TS808,50%,100%
516.796875,-0.008667000000002645,Ibanez TS808,50%,100%
559.863281,1.3838079999999948,Ibanez TS808,50%,100%
602.929688,1.6807629999999953,Ibanez TS808,50%,100%
645.996094,2.3948919999999987,Ibanez TS808,50%,100%
689.0625,3.263365999999994,Ibanez TS808,50%,100%
732.128906,3.045067999999997,Ibanez TS808,50%,100%
775.195312,2.843792999999998,Ibanez TS808,50%,100%
818.261719,3.284279999999999,Ibanez TS808,50%,100%
861.328125,3.512527999999996,Ibanez TS808,50%,100%
904.394531,4.153348999999999,Ibanez TS808,50%,100%
947.460938,4.245533000000002,Ibanez TS808,50%,100%
990.527344,4.718502999999991,Ibanez TS808,50%,100%
1033.59375,4.492002999999997,Ibanez TS808,50%,100%
1076.660156,4.571686999999997,Ibanez TS808,50%,100%
1119.726562,4.381881999999997,Ibanez TS808,50%,100%
1162.792969,4.399820999999996,Ibanez TS808,50%,100%
1205.859375,4.708892999999996,Ibanez TS808,50%,100%
1248.925781,4.672672999999996,Ibanez TS808,50%,100%
1291.992188,4.498688999999992,Ibanez TS808,50%,100%
1335.058594,5.288252,Ibanez TS808,50%,100%
1378.125,6.305775999999998,Ibanez TS808,50%,100%
1421.191406,5.261160999999998,Ibanez TS808,50%,100%
1464.257812,4.966526999999996,Ibanez TS808,50%,100%
1507.324219,5.416817999999996,Ibanez TS808,50%,100%
1550.390625,5.280768999999996,Ibanez TS808,50%,100%
1593.457031,5.623900999999993,Ibanez TS808,50%,100%
1636.523438,5.546863999999999,Ibanez TS808,50%,100%
1679.589844,5.483072,Ibanez TS808,50%,100%
1722.65625,6.118008,Ibanez TS808,50%,100%
1765.722656,6.233901999999997,Ibanez TS808,50%,100%
1808.789062,5.669159999999998,Ibanez TS808,50%,100%
1851.855469,5.706187,Ibanez TS808,50%,100%
1894.921875,4.656435999999992,Ibanez TS808,50%,100%
1937.988281,4.379346999999996,Ibanez TS808,50%,100%
1981.054688,5.4365159999999975,Ibanez TS808,50%,100%
2024.121094,5.4344799999999935,Ibanez TS808,50%,100%
2067.1875,5.671413999999999,Ibanez TS808,50%,100%
2110.253906,5.413837000000001,Ibanez TS808,50%,100%
2153.320312,5.080204000000002,Ibanez TS808,50%,100%
2196.386719,4.981649999999995,Ibanez TS808,50%,100%
2239.453125,5.667600999999994,Ibanez TS808,50%,100%
2282.519531,5.214438999999999,Ibanez TS808,50%,100%
2325.585938,4.369398999999998,Ibanez TS808,50%,100%
2368.652344,4.802394,Ibanez TS808,50%,100%
2411.71875,4.860843999999993,Ibanez TS808,50%,100%
2454.785156,5.068848999999993,Ibanez TS808,50%,100%
2497.851562,4.627349999999993,Ibanez TS808,50%,100%
2540.917969,4.898286999999996,Ibanez TS808,50%,100%
2583.984375,4.866079999999997,Ibanez TS808,50%,100%
2627.050781,4.335797999999997,Ibanez TS808,50%,100%
2670.117188,5.127298999999994,Ibanez TS808,50%,100%
2713.183594,4.606180000000002,Ibanez TS808,50%,100%
2756.25,4.528292999999998,Ibanez TS808,50%,100%
2799.316406,4.569357999999994,Ibanez TS808,50%,100%
2842.382812,4.1495589999999964,Ibanez TS808,50%,100%
2885.449219,4.192882999999998,Ibanez TS808,50%,100%
2928.515625,4.762051999999997,Ibanez TS808,50%,100%
2971.582031,5.120842999999994,Ibanez TS808,50%,100%
3014.648438,5.021152999999995,Ibanez TS808,50%,100%
3057.714844,5.059547999999996,Ibanez TS808,50%,100%
3100.78125,4.739838999999996,Ibanez TS808,50%,100%
3143.847656,4.489857999999995,Ibanez TS808,50%,100%
3186.914062,4.715499999999992,Ibanez TS808,50%,100%
3229.980469,4.705030999999998,Ibanez TS808,50%,100%
3273.046875,4.630840999999993,Ibanez TS808,50%,100%
3316.113281,4.5017759999999996,Ibanez TS808,50%,100%
3359.179688,3.6669229999999935,Ibanez TS808,50%,100%
3402.246094,3.658493,Ibanez TS808,50%,100%
3445.3125,4.667848999999997,Ibanez TS808,50%,100%
3488.378906,4.549447000000001,Ibanez TS808,50%,100%
3531.445312,4.077470999999996,Ibanez TS808,50%,100%
3574.511719,4.530325999999995,Ibanez TS808,50%,100%
3617.578125,4.053640999999999,Ibanez TS808,50%,100%
3660.644531,3.419314,Ibanez TS808,50%,100%
3703.710938,3.7400439999999975,Ibanez TS808,50%,100%
3746.777344,4.354318999999997,Ibanez TS808,50%,100%
3789.84375,4.143440999999996,Ibanez TS808,50%,100%
3832.910156,3.464906999999993,Ibanez TS808,50%,100%
3875.976562,3.746792999999993,Ibanez TS808,50%,100%
3919.042969,3.9522059999999968,Ibanez TS808,50%,100%
3962.109375,4.172158,Ibanez TS808,50%,100%
4005.175781,3.8739059999999945,Ibanez TS808,50%,100%
4048.242188,3.243658999999994,Ibanez TS808,50%,100%
4091.308594,3.3612979999999943,Ibanez TS808,50%,100%
4134.375,3.460809999999995,Ibanez TS808,50%,100%
4177.441406,3.037700999999995,Ibanez TS808,50%,100%
4220.507812,3.494930999999994,Ibanez TS808,50%,100%
4263.574219,4.0771839999999955,Ibanez TS808,50%,100%
4306.640625,3.249545999999995,Ibanez TS808,50%,100%
4349.707031,2.9573389999999975,Ibanez TS808,50%,100%
4392.773438,3.1859879999999947,Ibanez TS808,50%,100%
4435.839844,2.432933999999996,Ibanez TS808,50%,100%
4478.90625,2.5176019999999966,Ibanez TS808,50%,100%
4521.972656,2.8782959999999953,Ibanez TS808,50%,100%
4565.039062,2.651066999999994,Ibanez TS808,50%,100%
4608.105469,3.0103079999999984,Ibanez TS808,50%,100%
4651.171875,3.2248559999999955,Ibanez TS808,50%,100%
4694.238281,2.9087249999999933,Ibanez TS808,50%,100%
4737.304688,2.577175999999998,Ibanez TS808,50%,100%
4780.371094,2.6626019999999997,Ibanez TS808,50%,100%
4823.4375,3.4959859999999985,Ibanez TS808,50%,100%
4866.503906,3.3495959999999947,Ibanez TS808,50%,100%
4909.570312,3.438438999999999,Ibanez TS808,50%,100%
4952.636719,2.927262999999993,Ibanez TS808,50%,100%
4995.703125,2.6844849999999987,Ibanez TS808,50%,100%
5038.769531,2.4647879999999986,Ibanez TS808,50%,100%
5081.835938,2.8633909999999965,Ibanez TS808,50%,100%
5124.902344,1.6705289999999948,Ibanez TS808,50%,100%
5167.96875,1.2906289999999956,Ibanez TS808,50%,100%
5211.035156,2.013854999999996,Ibanez TS808,50%,100%
5254.101562,2.1691569999999984,Ibanez TS808,50%,100%
5297.167969,2.559293999999994,Ibanez TS808,50%,100%
5340.234375,1.939555999999996,Ibanez TS808,50%,100%
5383.300781,2.217032999999997,Ibanez TS808,50%,100%
5426.367188,2.547756999999997,Ibanez TS808,50%,100%
5469.433594,2.0745809999999913,Ibanez TS808,50%,100%
5512.5,1.7170659999999955,Ibanez TS808,50%,100%
5555.566406,1.4692199999999964,Ibanez TS808,50%,100%
5598.632812,1.5253449999999944,Ibanez TS808,50%,100%
5641.699219,1.790187999999997,Ibanez TS808,50%,100%
5684.765625,1.7614039999999918,Ibanez TS808,50%,100%
5727.832031,2.229414999999996,Ibanez TS808,50%,100%
5770.898438,2.071646000000001,Ibanez TS808,50%,100%
5813.964844,1.931908,Ibanez TS808,50%,100%
5857.03125,1.9282159999999955,Ibanez TS808,50%,100%
5900.097656,1.6624479999999942,Ibanez TS808,50%,100%
5943.164062,1.5916179999999933,Ibanez TS808,50%,100%
5986.230469,1.3945429999999988,Ibanez TS808,50%,100%
6029.296875,1.266092999999998,Ibanez TS808,50%,100%
6072.363281,1.0594719999999995,Ibanez TS808,50%,100%
6115.429688,0.623189,Ibanez TS808,50%,100%
6158.496094,0.7486329999999946,Ibanez TS808,50%,100%
6201.5625,1.268378999999996,Ibanez TS808,50%,100%
6244.628906,1.2320789999999988,Ibanez TS808,50%,100%
6287.695312,1.3825859999999999,Ibanez TS808,50%,100%
6330.761719,1.2813039999999987,Ibanez TS808,50%,100%
6373.828125,0.5594609999999918,Ibanez TS808,50%,100%
6416.894531,0.5216629999999967,Ibanez TS808,50%,100%
6459.960938,0.2655239999999921,Ibanez TS808,50%,100%
6503.027344,0.7483359999999983,Ibanez TS808,50%,100%
6546.09375,0.9951279999999976,Ibanez TS808,50%,100%
6589.160156,0.6814229999999988,Ibanez TS808,50%,100%
6632.226562,0.8389779999999938,Ibanez TS808,50%,100%
6675.292969,0.4564880000000002,Ibanez TS808,50%,100%
6718.359375,-0.09856800000000021,Ibanez TS808,50%,100%
6761.425781,-0.3950100000000063,Ibanez TS808,50%,100%
6804.492188,-0.12379600000000579,Ibanez TS808,50%,100%
6847.558594,0.06310099999999252,Ibanez TS808,50%,100%
6890.625,-0.09598499999999888,Ibanez TS808,50%,100%
6933.691406,-0.5616850000000078,Ibanez TS808,50%,100%
6976.757812,0.14372999999999791,Ibanez TS808,50%,100%
7019.824219,0.2953369999999964,Ibanez TS808,50%,100%
7062.890625,-0.49608500000000433,Ibanez TS808,50%,100%
7105.957031,-0.4891750000000066,Ibanez TS808,50%,100%
7149.023438,-0.7127790000000047,Ibanez TS808,50%,100%
7192.089844,-0.3990120000000026,Ibanez TS808,50%,100%
7235.15625,-0.7088229999999989,Ibanez TS808,50%,100%
7278.222656,-0.5479209999999988,Ibanez TS808,50%,100%
7321.289062,-0.7874079999999992,Ibanez TS808,50%,100%
7364.355469,-0.5615610000000011,Ibanez TS808,50%,100%
7407.421875,0.13431899999999786,Ibanez TS808,50%,100%
7450.488281,0.3236169999999987,Ibanez TS808,50%,100%
7493.554688,0.24418499999999455,Ibanez TS808,50%,100%
7536.621094,0.12362799999999297,Ibanez TS808,50%,100%
7579.6875,0.10564199999999602,Ibanez TS808,50%,100%
7622.753906,-0.13846800000000314,Ibanez TS808,50%,100%
7665.820312,-0.8806640000000066,Ibanez TS808,50%,100%
7708.886719,-1.259177000000001,Ibanez TS808,50%,100%
7751.953125,-1.0913770000000014,Ibanez TS808,50%,100%
7795.019531,-1.2007440000000003,Ibanez TS808,50%,100%
7838.085938,-0.9166190000000043,Ibanez TS808,50%,100%
7881.152344,-0.8138020000000061,Ibanez TS808,50%,100%
7924.21875,-1.4691370000000035,Ibanez TS808,50%,100%
7967.285156,-1.5550320000000006,Ibanez TS808,50%,100%
8010.351562,-1.6050310000000039,Ibanez TS808,50%,100%
8053.417969,-1.5683740000000022,Ibanez TS808,50%,100%
8096.484375,-1.4170320000000025,Ibanez TS808,50%,100%
8139.550781,-1.707956000000003,Ibanez TS808,50%,100%
8182.617188,-1.5940010000000058,Ibanez TS808,50%,100%
8225.683594,-1.7662710000000033,Ibanez TS808,50%,100%
8268.75,-1.8231350000000042,Ibanez TS808,50%,100%
8311.816406,-1.9893619999999999,Ibanez TS808,50%,100%
8354.882812,-1.3064860000000031,Ibanez TS808,50%,100%
8397.949219,-1.6791720000000048,Ibanez TS808,50%,100%
8441.015625,-2.7410900000000034,Ibanez TS808,50%,100%
8484.082031,-2.2930519999999994,Ibanez TS808,50%,100%
8527.148438,-2.014623000000004,Ibanez TS808,50%,100%
8570.214844,-1.4538570000000028,Ibanez TS808,50%,100%
8613.28125,-2.1677290000000013,Ibanez TS808,50%,100%
8656.347656,-2.432571000000003,Ibanez TS808,50%,100%
8699.414062,-2.325809000000003,Ibanez TS808,50%,100%
8742.480469,-2.1679360000000045,Ibanez TS808,50%,100%
8785.546875,-2.3802459999999996,Ibanez TS808,50%,100%
8828.613281,-2.768613000000002,Ibanez TS808,50%,100%
8871.679688,-2.0171560000000035,Ibanez TS808,50%,100%
8914.746094,-1.728307000000008,Ibanez TS808,50%,100%
8957.8125,-2.2768640000000033,Ibanez TS808,50%,100%
9000.878906,-2.217834,Ibanez TS808,50%,100%
9043.945312,-2.461925000000001,Ibanez TS808,50%,100%
9087.011719,-2.7819990000000026,Ibanez TS808,50%,100%
9130.078125,-2.941183000000006,Ibanez TS808,50%,100%
9173.144531,-3.065389000000007,Ibanez TS808,50%,100%
9216.210938,-2.753720000000005,Ibanez TS808,50%,100%
9259.277344,-2.7985470000000063,Ibanez TS808,50%,100%
9302.34375,-2.8137600000000056,Ibanez TS808,50%,100%
9345.410156,-2.8060970000000083,Ibanez TS808,50%,100%
9388.476562,-2.677793000000001,Ibanez TS808,50%,100%
9431.542969,-2.1190120000000014,Ibanez TS808,50%,100%
9474.609375,-2.3178630000000062,Ibanez TS808,50%,100%
9517.675781,-3.1187369999999994,Ibanez TS808,50%,100%
9560.742188,-3.4250520000000044,Ibanez TS808,50%,100%
9603.808594,-3.194940000000006,Ibanez TS808,50%,100%
9646.875,-3.00826,Ibanez TS808,50%,100%
9689.941406,-3.409168000000001,Ibanez TS808,50%,100%
9733.007812,-3.9149710000000013,Ibanez TS808,50%,100%
9776.074219,-2.8465030000000056,Ibanez TS808,50%,100%
9819.140625,-2.9885340000000014,Ibanez TS808,50%,100%
9862.207031,-3.6819260000000007,Ibanez TS808,50%,100%
9905.273438,-4.151546000000003,Ibanez TS808,50%,100%
9948.339844,-3.9465440000000065,Ibanez TS808,50%,100%
9991.40625,-3.188856000000005,Ibanez TS808,50%,100%
10034.472656,-3.428573000000007,Ibanez TS808,50%,100%
10077.539062,-3.632131000000001,Ibanez TS808,50%,100%
10120.605469,-3.669079,Ibanez TS808,50%,100%
10163.671875,-4.353050000000003,Ibanez TS808,50%,100%
10206.738281,-4.059440000000002,Ibanez TS808,50%,100%
10249.804688,-3.3058750000000074,Ibanez TS808,50%,100%
10292.871094,-3.3984099999999984,Ibanez TS808,50%,100%
10335.9375,-4.309957000000008,Ibanez TS808,50%,100%
10379.003906,-4.449773,Ibanez TS808,50%,100%
10422.070312,-4.976705000000003,Ibanez TS808,50%,100%
10465.136719,-4.537328000000006,Ibanez TS808,50%,100%
10508.203125,-4.080575000000003,Ibanez TS808,50%,100%
10551.269531,-4.309139000000002,Ibanez TS808,50%,100%
10594.335938,-4.117864000000001,Ibanez TS808,50%,100%
10637.402344,-4.092937000000006,Ibanez TS808,50%,100%
10680.46875,-4.7017869999999995,Ibanez TS808,50%,100%
10723.535156,-4.752714000000001,Ibanez TS808,50%,100%
10766.601562,-4.066102000000001,Ibanez TS808,50%,100%
10809.667969,-4.443446000000005,Ibanez TS808,50%,100%
10852.734375,-5.1331820000000015,Ibanez TS808,50%,100%
10895.800781,-5.024191999999999,Ibanez TS808,50%,100%
10938.867188,-5.121402000000007,Ibanez TS808,50%,100%
10981.933594,-5.106098000000003,Ibanez TS808,50%,100%
11025,-4.703731000000008,Ibanez TS808,50%,100%
11068.066406,-4.611250000000002,Ibanez TS808,50%,100%
11111.132812,-4.716526000000005,Ibanez TS808,50%,100%
11154.199219,-4.945222000000001,Ibanez TS808,50%,100%
11197.265625,-5.421473000000002,Ibanez TS808,50%,100%
11240.332031,-5.1801730000000035,Ibanez TS808,50%,100%
11283.398438,-5.111756000000003,Ibanez TS808,50%,100%
11326.464844,-5.3386240000000065,Ibanez TS808,50%,100%
11369.53125,-5.989086000000004,Ibanez TS808,50%,100%
11412.597656,-5.625333000000005,Ibanez TS808,50%,100%
11455.664062,-4.993085000000004,Ibanez TS808,50%,100%
11498.730469,-5.037111000000003,Ibanez TS808,50%,100%
11541.796875,-5.406580000000005,Ibanez TS808,50%,100%
11584.863281,-5.9330929999999995,Ibanez TS808,50%,100%
11627.929688,-5.989709000000001,Ibanez TS808,50%,100%
11670.996094,-6.118715000000005,Ibanez TS808,50%,100%
11714.0625,-6.206079000000006,Ibanez TS808,50%,100%
11757.128906,-5.485139,Ibanez TS808,50%,100%
11800.195312,-5.510675000000003,Ibanez TS808,50%,100%
11843.261719,-5.667627000000003,Ibanez TS808,50%,100%
11886.328125,-5.736735000000003,Ibanez TS808,50%,100%
11929.394531,-5.339159000000002,Ibanez TS808,50%,100%
11972.460938,-5.300388000000002,Ibanez TS808,50%,100%
12015.527344,-5.661216,Ibanez TS808,50%,100%
12058.59375,-6.458891999999999,Ibanez TS808,50%,100%
12101.660156,-6.5890990000000045,Ibanez TS808,50%,100%
12144.726562,-5.876824000000006,Ibanez TS808,50%,100%
12187.792969,-5.770119999999999,Ibanez TS808,50%,100%
12230.859375,-6.4887039999999985,Ibanez TS808,50%,100%
12273.925781,-6.211104000000006,Ibanez TS808,50%,100%
12316.992188,-6.118560000000002,Ibanez TS808,50%,100%
12360.058594,-5.623080000000005,Ibanez TS808,50%,100%
12403.125,-5.6578990000000005,Ibanez TS808,50%,100%
12446.191406,-5.8736930000000065,Ibanez TS808,50%,100%
12489.257812,-6.557548000000004,Ibanez TS808,50%,100%
12532.324219,-6.064548000000002,Ibanez TS808,50%,100%
12575.390625,-5.946544000000003,Ibanez TS808,50%,100%
12618.457031,-6.513824,Ibanez TS808,50%,100%
12661.523438,-5.694923000000003,Ibanez TS808,50%,100%
12704.589844,-6.018730999999999,Ibanez TS808,50%,100%
12747.65625,-6.5296400000000006,Ibanez TS808,50%,100%
12790.722656,-7.117865999999999,Ibanez TS808,50%,100%
12833.789062,-6.771144,Ibanez TS808,50%,100%
12876.855469,-6.653374000000007,Ibanez TS808,50%,100%
12919.921875,-6.924530000000004,Ibanez TS808,50%,100%
12962.988281,-6.841571000000002,Ibanez TS808,50%,100%
13006.054688,-7.601726000000006,Ibanez TS808,50%,100%
13049.121094,-7.189838000000002,Ibanez TS808,50%,100%
13092.1875,-7.425429000000001,Ibanez TS808,50%,100%
13135.253906,-7.3056450000000055,Ibanez TS808,50%,100%
13178.320312,-6.288530999999999,Ibanez TS808,50%,100%
13221.386719,-6.5195580000000035,Ibanez TS808,50%,100%
13264.453125,-7.317588000000008,Ibanez TS808,50%,100%
13307.519531,-7.23955500000001,Ibanez TS808,50%,100%
13350.585938,-7.1109849999999994,Ibanez TS808,50%,100%
13393.652344,-7.275137999999998,Ibanez TS808,50%,100%
13436.71875,-7.256801000000003,Ibanez TS808,50%,100%
13479.785156,-8.114052000000008,Ibanez TS808,50%,100%
13522.851562,-7.8458749999999995,Ibanez TS808,50%,100%
13565.917969,-7.790946000000005,Ibanez TS808,50%,100%
13608.984375,-7.6489680000000035,Ibanez TS808,50%,100%
13652.050781,-7.523037000000002,Ibanez TS808,50%,100%
13695.117188,-7.492813000000005,Ibanez TS808,50%,100%
13738.183594,-8.213999999999999,Ibanez TS808,50%,100%
13781.25,-8.732364000000004,Ibanez TS808,50%,100%
13824.316406,-8.238983000000005,Ibanez TS808,50%,100%
13867.382812,-7.715629000000007,Ibanez TS808,50%,100%
13910.449219,-7.638774000000005,Ibanez TS808,50%,100%
13953.515625,-7.573737000000001,Ibanez TS808,50%,100%
13996.582031,-7.982772000000004,Ibanez TS808,50%,100%
14039.648438,-8.327655000000007,Ibanez TS808,50%,100%
14082.714844,-8.349666000000006,Ibanez TS808,50%,100%
14125.78125,-8.373012000000003,Ibanez TS808,50%,100%
14168.847656,-8.351367000000003,Ibanez TS808,50%,100%
14211.914062,-7.768467000000001,Ibanez TS808,50%,100%
14254.980469,-8.059413000000006,Ibanez TS808,50%,100%
14298.046875,-8.054039000000003,Ibanez TS808,50%,100%
14341.113281,-8.681865000000002,Ibanez TS808,50%,100%
14384.179688,-8.299045,Ibanez TS808,50%,100%
14427.246094,-7.975937000000002,Ibanez TS808,50%,100%
14470.3125,-8.403374,Ibanez TS808,50%,100%
14513.378906,-9.076145000000004,Ibanez TS808,50%,100%
14556.445312,-9.014762000000005,Ibanez TS808,50%,100%
14599.511719,-9.302646000000003,Ibanez TS808,50%,100%
14642.578125,-9.114979000000005,Ibanez TS808,50%,100%
14685.644531,-8.76741400000001,Ibanez TS808,50%,100%
14728.710938,-8.757552000000004,Ibanez TS808,50%,100%
14771.777344,-8.862308000000006,Ibanez TS808,50%,100%
14814.84375,-9.127158000000001,Ibanez TS808,50%,100%
14857.910156,-9.067779000000009,Ibanez TS808,50%,100%
14900.976562,-8.357990000000001,Ibanez TS808,50%,100%
14944.042969,-8.967654000000003,Ibanez TS808,50%,100%
14987.109375,-9.33893100000001,Ibanez TS808,50%,100%
15030.175781,-9.286014000000002,Ibanez TS808,50%,100%
15073.242188,-9.428106999999997,Ibanez TS808,50%,100%
15116.308594,-8.494350000000004,Ibanez TS808,50%,100%
15159.375,-8.525825000000005,Ibanez TS808,50%,100%
15202.441406,-8.526027000000006,Ibanez TS808,50%,100%
15245.507812,-8.825145000000006,Ibanez TS808,50%,100%
15288.574219,-9.285110000000003,Ibanez TS808,50%,100%
15331.640625,-9.515670000000007,Ibanez TS808,50%,100%
15374.707031,-9.299755000000005,Ibanez TS808,50%,100%
15417.773438,-9.284267,Ibanez TS808,50%,100%
15460.839844,-9.617046000000009,Ibanez TS808,50%,100%
15503.90625,-9.445514000000003,Ibanez TS808,50%,100%
15546.972656,-9.363891000000002,Ibanez TS808,50%,100%
15590.039062,-9.212581000000007,Ibanez TS808,50%,100%
15633.105469,-9.490642000000001,Ibanez TS808,50%,100%
15676.171875,-9.089358000000004,Ibanez TS808,50%,100%
15719.238281,-8.863387000000003,Ibanez TS808,50%,100%
15762.304688,-9.312873000000003,Ibanez TS808,50%,100%
15805.371094,-9.645610000000005,Ibanez TS808,50%,100%
15848.4375,-9.886012000000001,Ibanez TS808,50%,100%
15891.503906,-10.458923000000006,Ibanez TS808,50%,100%
15934.570312,-10.307098000000003,Ibanez TS808,50%,100%
15977.636719,-10.279804000000006,Ibanez TS808,50%,100%
16020.703125,-9.494587000000003,Ibanez TS808,50%,100%
16063.769531,-10.359581000000006,Ibanez TS808,50%,100%
16106.835938,-10.517185000000005,Ibanez TS808,50%,100%
16149.902344,-10.186153000000004,Ibanez TS808,50%,100%
16192.96875,-10.026508000000007,Ibanez TS808,50%,100%
16236.035156,-9.692527000000005,Ibanez TS808,50%,100%
16279.101562,-9.454982000000008,Ibanez TS808,50%,100%
16322.167969,-9.676687999999999,Ibanez TS808,50%,100%
16365.234375,-9.481223000000007,Ibanez TS808,50%,100%
16408.300781,-10.039242000000002,Ibanez TS808,50%,100%
16451.367188,-9.241443000000004,Ibanez TS808,50%,100%
16494.433594,-9.91032700000001,Ibanez TS808,50%,100%
16537.5,-10.382499000000003,Ibanez TS808,50%,100%
16580.566406,-10.744391999999998,Ibanez TS808,50%,100%
16623.632812,-11.112464000000003,Ibanez TS808,50%,100%
16666.699219,-11.176318000000002,Ibanez TS808,50%,100%
16709.765625,-10.378097000000004,Ibanez TS808,50%,100%
16752.832031,-10.583045000000006,Ibanez TS808,50%,100%
16795.898438,-10.173709000000002,Ibanez TS808,50%,100%
16838.964844,-10.779338000000003,Ibanez TS808,50%,100%
16882.03125,-11.204639,Ibanez TS808,50%,100%
16925.097656,-10.917660000000005,Ibanez TS808,50%,100%
16968.164062,-10.81277,Ibanez TS808,50%,100%
17011.230469,-11.223827000000007,Ibanez TS808,50%,100%
17054.296875,-11.831733,Ibanez TS808,50%,100%
17097.363281,-11.260292,Ibanez TS808,50%,100%
17140.429688,-11.026542000000006,Ibanez TS808,50%,100%
17183.496094,-11.204048000000007,Ibanez TS808,50%,100%
17226.5625,-11.104259000000006,Ibanez TS808,50%,100%
17269.628906,-10.992957000000004,Ibanez TS808,50%,100%
17312.695312,-11.099338000000003,Ibanez TS808,50%,100%
17355.761719,-11.055107000000007,Ibanez TS808,50%,100%
17398.828125,-10.972755000000006,Ibanez TS808,50%,100%
17441.894531,-11.543437000000004,Ibanez TS808,50%,100%
17484.960938,-11.362224000000005,Ibanez TS808,50%,100%
17528.027344,-11.279558999999999,Ibanez TS808,50%,100%
17571.09375,-11.757442000000005,Ibanez TS808,50%,100%
17614.160156,-11.517502,Ibanez TS808,50%,100%
17657.226562,-10.956668,Ibanez TS808,50%,100%
17700.292969,-11.414867000000008,Ibanez TS808,50%,100%
17743.359375,-11.157901000000003,Ibanez TS808,50%,100%
17786.425781,-11.416663000000007,Ibanez TS808,50%,100%
17829.492188,-12.224876000000009,Ibanez TS808,50%,100%
17872.558594,-11.677265000000006,Ibanez TS808,50%,100%
17915.625,-12.108032000000009,Ibanez TS808,50%,100%
17958.691406,-12.484802000000009,Ibanez TS808,50%,100%
18001.757812,-12.547256000000004,Ibanez TS808,50%,100%
18044.824219,-12.419162000000007,Ibanez TS808,50%,100%
18087.890625,-12.028602000000006,Ibanez TS808,50%,100%
18130.957031,-12.250019000000002,Ibanez TS808,50%,100%
18174.023438,-11.904231000000003,Ibanez TS808,50%,100%
18217.089844,-11.694254999999998,Ibanez TS808,50%,100%
18260.15625,-11.974823,Ibanez TS808,50%,100%
18303.222656,-12.064834000000005,Ibanez TS808,50%,100%
18346.289062,-12.605564000000001,Ibanez TS808,50%,100%
18389.355469,-12.895797000000009,Ibanez TS808,50%,100%
18432.421875,-13.081145000000006,Ibanez TS808,50%,100%
18475.488281,-12.485607000000009,Ibanez TS808,50%,100%
18518.554688,-12.957664000000001,Ibanez TS808,50%,100%
18561.621094,-13.699302000000003,Ibanez TS808,50%,100%
18604.6875,-12.805312000000008,Ibanez TS808,50%,100%
18647.753906,-12.754932000000004,Ibanez TS808,50%,100%
18690.820312,-12.611392000000002,Ibanez TS808,50%,100%
18733.886719,-12.291690000000003,Ibanez TS808,50%,100%
18776.953125,-12.406433000000007,Ibanez TS808,50%,100%
18820.019531,-12.488467000000007,Ibanez TS808,50%,100%
18863.085938,-12.795665000000007,Ibanez TS808,50%,100%
18906.152344,-12.878006,Ibanez TS808,50%,100%
18949.21875,-12.777042000000009,Ibanez TS808,50%,100%
18992.285156,-13.432452000000005,Ibanez TS808,50%,100%
19035.351562,-13.021145000000004,Ibanez TS808,50%,100%
19078.417969,-12.970378000000004,Ibanez TS808,50%,100%
19121.484375,-13.408603000000006,Ibanez TS808,50%,100%
19164.550781,-13.682884000000001,Ibanez TS808,50%,100%
19207.617188,-13.505408000000003,Ibanez TS808,50%,100%
19250.683594,-13.792281000000003,Ibanez TS808,50%,100%
19293.75,-13.062675000000006,Ibanez TS808,50%,100%
19336.816406,-12.922805000000004,Ibanez TS808,50%,100%
19379.882812,-13.194347000000008,Ibanez TS808,50%,100%
19422.949219,-13.484637000000006,Ibanez TS808,50%,100%
19466.015625,-14.233333000000009,Ibanez TS808,50%,100%
19509.082031,-14.208835000000008,Ibanez TS808,50%,100%
19552.148438,-13.428477999999998,Ibanez TS808,50%,100%
19595.214844,-13.356845,Ibanez TS808,50%,100%
19638.28125,-13.415511000000002,Ibanez TS808,50%,100%
19681.347656,-13.404369000000003,Ibanez TS808,50%,100%
19724.414062,-14.044216000000006,Ibanez TS808,50%,100%
19767.480469,-13.877937000000003,Ibanez TS808,50%,100%
19810.546875,-13.295143000000003,Ibanez TS808,50%,100%
19853.613281,-13.653770000000009,Ibanez TS808,50%,100%
19896.679688,-14.108963000000003,Ibanez TS808,50%,100%
19939.746094,-14.017132000000004,Ibanez TS808,50%,100%
19982.8125,-13.494903,Ibanez TS808,50%,100%
43.066406,-21.810527000000004,Ibanez TS808,50%,50%
86.132812,-14.325771000000007,Ibanez TS808,50%,50%
129.199219,-10.522276000000005,Ibanez TS808,50%,50%
172.265625,-8.402387000000003,Ibanez TS808,50%,50%
215.332031,-7.154290000000005,Ibanez TS808,50%,50%
258.398438,-5.445304000000004,Ibanez TS808,50%,50%
301.464844,-4.329011000000003,Ibanez TS808,50%,50%
344.53125,-3.8877010000000016,Ibanez TS808,50%,50%
387.597656,-2.853295000000003,Ibanez TS808,50%,50%
430.664062,-1.8018560000000008,Ibanez TS808,50%,50%
473.730469,-1.5629030000000057,Ibanez TS808,50%,50%
516.796875,-1.293099000000005,Ibanez TS808,50%,50%
559.863281,-0.7142840000000064,Ibanez TS808,50%,50%
602.929688,-0.27341500000000707,Ibanez TS808,50%,50%
645.996094,-0.3697780000000037,Ibanez TS808,50%,50%
689.0625,-0.13853600000000554,Ibanez TS808,50%,50%
732.128906,-0.5349930000000036,Ibanez TS808,50%,50%
775.195312,-0.6209550000000021,Ibanez TS808,50%,50%
818.261719,-0.5936920000000008,Ibanez TS808,50%,50%
861.328125,-0.7721610000000041,Ibanez TS808,50%,50%
904.394531,0,Ibanez TS808,50%,50%
947.460938,-0.06482899999999958,Ibanez TS808,50%,50%
990.527344,-0.37934300000000576,Ibanez TS808,50%,50%
1033.59375,-0.6474280000000014,Ibanez TS808,50%,50%
1076.660156,-0.6976860000000045,Ibanez TS808,50%,50%
1119.726562,-0.5925770000000057,Ibanez TS808,50%,50%
1162.792969,-0.4948550000000047,Ibanez TS808,50%,50%
1205.859375,-1.2406020000000026,Ibanez TS808,50%,50%
1248.925781,-1.5442500000000052,Ibanez TS808,50%,50%
1291.992188,-1.3602280000000064,Ibanez TS808,50%,50%
1335.058594,-1.096343000000001,Ibanez TS808,50%,50%
1378.125,-1.263461000000003,Ibanez TS808,50%,50%
1421.191406,-1.4468150000000009,Ibanez TS808,50%,50%
1464.257812,-1.5497790000000045,Ibanez TS808,50%,50%
1507.324219,-1.6920710000000057,Ibanez TS808,50%,50%
1550.390625,-1.7701410000000024,Ibanez TS808,50%,50%
1593.457031,-2.2752970000000055,Ibanez TS808,50%,50%
1636.523438,-2.3044580000000003,Ibanez TS808,50%,50%
1679.589844,-2.4227180000000033,Ibanez TS808,50%,50%
1722.65625,-2.1260010000000023,Ibanez TS808,50%,50%
1765.722656,-2.071785000000002,Ibanez TS808,50%,50%
1808.789062,-3.001012000000003,Ibanez TS808,50%,50%
1851.855469,-3.2724970000000013,Ibanez TS808,50%,50%
1894.921875,-3.5150160000000064,Ibanez TS808,50%,50%
1937.988281,-3.483138000000004,Ibanez TS808,50%,50%
1981.054688,-3.2405159999999995,Ibanez TS808,50%,50%
2024.121094,-3.1452950000000044,Ibanez TS808,50%,50%
2067.1875,-3.368274000000003,Ibanez TS808,50%,50%
2110.253906,-3.3672460000000015,Ibanez TS808,50%,50%
2153.320312,-4.035973000000002,Ibanez TS808,50%,50%
2196.386719,-3.9893390000000046,Ibanez TS808,50%,50%
2239.453125,-3.7687580000000054,Ibanez TS808,50%,50%
2282.519531,-4.154954,Ibanez TS808,50%,50%
2325.585938,-4.336437000000004,Ibanez TS808,50%,50%
2368.652344,-4.525968000000002,Ibanez TS808,50%,50%
2411.71875,-4.7892700000000055,Ibanez TS808,50%,50%
2454.785156,-4.980670000000007,Ibanez TS808,50%,50%
2497.851562,-4.8285520000000055,Ibanez TS808,50%,50%
2540.917969,-4.586082000000005,Ibanez TS808,50%,50%
2583.984375,-5.037687000000002,Ibanez TS808,50%,50%
2627.050781,-5.533331000000004,Ibanez TS808,50%,50%
2670.117188,-5.096080000000008,Ibanez TS808,50%,50%
2713.183594,-5.060592,Ibanez TS808,50%,50%
2756.25,-5.222740999999999,Ibanez TS808,50%,50%
2799.316406,-5.219611000000004,Ibanez TS808,50%,50%
2842.382812,-5.587303000000006,Ibanez TS808,50%,50%
2885.449219,-5.711978000000002,Ibanez TS808,50%,50%
2928.515625,-5.556337000000003,Ibanez TS808,50%,50%
2971.582031,-6.0918130000000055,Ibanez TS808,50%,50%
3014.648438,-5.990533000000006,Ibanez TS808,50%,50%
3057.714844,-6.248872000000006,Ibanez TS808,50%,50%
3100.78125,-6.441734000000007,Ibanez TS808,50%,50%
3143.847656,-5.990800000000007,Ibanez TS808,50%,50%
3186.914062,-6.695293000000007,Ibanez TS808,50%,50%
3229.980469,-6.985984000000002,Ibanez TS808,50%,50%
3273.046875,-6.225086000000005,Ibanez TS808,50%,50%
3316.113281,-6.401437000000001,Ibanez TS808,50%,50%
3359.179688,-7.071797000000007,Ibanez TS808,50%,50%
3402.246094,-7.145792,Ibanez TS808,50%,50%
3445.3125,-7.069537000000004,Ibanez TS808,50%,50%
3488.378906,-7.325103000000002,Ibanez TS808,50%,50%
3531.445312,-6.824781000000005,Ibanez TS808,50%,50%
3574.511719,-6.908374000000002,Ibanez TS808,50%,50%
3617.578125,-7.292876000000003,Ibanez TS808,50%,50%
3660.644531,-7.1933609999999994,Ibanez TS808,50%,50%
3703.710938,-7.159019000000004,Ibanez TS808,50%,50%
3746.777344,-7.284126000000004,Ibanez TS808,50%,50%
3789.84375,-7.088417000000003,Ibanez TS808,50%,50%
3832.910156,-7.907492000000005,Ibanez TS808,50%,50%
3875.976562,-7.857619000000007,Ibanez TS808,50%,50%
3919.042969,-8.148164000000005,Ibanez TS808,50%,50%
3962.109375,-8.336132,Ibanez TS808,50%,50%
4005.175781,-8.451555000000006,Ibanez TS808,50%,50%
4048.242188,-8.588403000000003,Ibanez TS808,50%,50%
4091.308594,-8.581930000000003,Ibanez TS808,50%,50%
4134.375,-8.388706000000006,Ibanez TS808,50%,50%
4177.441406,-8.808840000000004,Ibanez TS808,50%,50%
4220.507812,-9.192741000000005,Ibanez TS808,50%,50%
4263.574219,-8.828746000000002,Ibanez TS808,50%,50%
4306.640625,-8.884539000000004,Ibanez TS808,50%,50%
4349.707031,-8.980819,Ibanez TS808,50%,50%
4392.773438,-8.521200000000004,Ibanez TS808,50%,50%
4435.839844,-8.957670000000007,Ibanez TS808,50%,50%
4478.90625,-9.021812000000004,Ibanez TS808,50%,50%
4521.972656,-9.403898000000005,Ibanez TS808,50%,50%
4565.039062,-9.484504000000005,Ibanez TS808,50%,50%
4608.105469,-9.520509,Ibanez TS808,50%,50%
4651.171875,-9.752038000000006,Ibanez TS808,50%,50%
4694.238281,-9.449634000000007,Ibanez TS808,50%,50%
4737.304688,-9.258543,Ibanez TS808,50%,50%
4780.371094,-9.703674,Ibanez TS808,50%,50%
4823.4375,-9.725648,Ibanez TS808,50%,50%
4866.503906,-9.737800000000007,Ibanez TS808,50%,50%
4909.570312,-9.603746999999998,Ibanez TS808,50%,50%
4952.636719,-10.29969400000001,Ibanez TS808,50%,50%
4995.703125,-9.999187,Ibanez TS808,50%,50%
5038.769531,-10.119784000000003,Ibanez TS808,50%,50%
5081.835938,-10.147254000000004,Ibanez TS808,50%,50%
5124.902344,-10.179443000000006,Ibanez TS808,50%,50%
5167.96875,-10.106552000000008,Ibanez TS808,50%,50%
5211.035156,-10.071865000000003,Ibanez TS808,50%,50%
5254.101562,-10.821421999999998,Ibanez TS808,50%,50%
5297.167969,-10.572204000000006,Ibanez TS808,50%,50%
5340.234375,-10.935669000000004,Ibanez TS808,50%,50%
5383.300781,-10.654551000000005,Ibanez TS808,50%,50%
5426.367188,-10.581561,Ibanez TS808,50%,50%
5469.433594,-10.939903000000008,Ibanez TS808,50%,50%
5512.5,-11.155616000000009,Ibanez TS808,50%,50%
5555.566406,-11.206775,Ibanez TS808,50%,50%
5598.632812,-11.219413000000003,Ibanez TS808,50%,50%
5641.699219,-11.276523000000005,Ibanez TS808,50%,50%
5684.765625,-11.142536000000007,Ibanez TS808,50%,50%
5727.832031,-10.907805000000003,Ibanez TS808,50%,50%
5770.898438,-11.116774999999997,Ibanez TS808,50%,50%
5813.964844,-11.473090999999997,Ibanez TS808,50%,50%
5857.03125,-11.283511000000004,Ibanez TS808,50%,50%
5900.097656,-11.603503000000003,Ibanez TS808,50%,50%
5943.164062,-11.889384000000007,Ibanez TS808,50%,50%
5986.230469,-12.043941000000004,Ibanez TS808,50%,50%
6029.296875,-11.726588,Ibanez TS808,50%,50%
6072.363281,-12.118968000000002,Ibanez TS808,50%,50%
6115.429688,-12.648513000000001,Ibanez TS808,50%,50%
6158.496094,-12.49915200000001,Ibanez TS808,50%,50%
6201.5625,-12.367260000000009,Ibanez TS808,50%,50%
6244.628906,-12.476931999999998,Ibanez TS808,50%,50%
6287.695312,-12.269458,Ibanez TS808,50%,50%
6330.761719,-12.149345000000004,Ibanez TS808,50%,50%
6373.828125,-12.465030000000006,Ibanez TS808,50%,50%
6416.894531,-12.684028000000005,Ibanez TS808,50%,50%
6459.960938,-12.591083000000005,Ibanez TS808,50%,50%
6503.027344,-12.367942,Ibanez TS808,50%,50%
6546.09375,-12.596595,Ibanez TS808,50%,50%
6589.160156,-13.191341000000001,Ibanez TS808,50%,50%
6632.226562,-12.951076000000008,Ibanez TS808,50%,50%
6675.292969,-12.723208999999997,Ibanez TS808,50%,50%
6718.359375,-13.257984,Ibanez TS808,50%,50%
6761.425781,-13.495571000000005,Ibanez TS808,50%,50%
6804.492188,-13.223327000000005,Ibanez TS808,50%,50%
6847.558594,-13.484295000000003,Ibanez TS808,50%,50%
6890.625,-13.927882000000004,Ibanez TS808,50%,50%
6933.691406,-13.330078000000007,Ibanez TS808,50%,50%
6976.757812,-12.970142000000003,Ibanez TS808,50%,50%
7019.824219,-13.208549000000005,Ibanez TS808,50%,50%
7062.890625,-13.552100000000003,Ibanez TS808,50%,50%
7105.957031,-13.824798000000008,Ibanez TS808,50%,50%
7149.023438,-13.868080000000006,Ibanez TS808,50%,50%
7192.089844,-13.863154999999999,Ibanez TS808,50%,50%
7235.15625,-14.242815999999998,Ibanez TS808,50%,50%
7278.222656,-13.730338000000003,Ibanez TS808,50%,50%
7321.289062,-13.577593999999998,Ibanez TS808,50%,50%
7364.355469,-13.800547000000002,Ibanez TS808,50%,50%
7407.421875,-14.174797000000005,Ibanez TS808,50%,50%
7450.488281,-14.200160000000004,Ibanez TS808,50%,50%
7493.554688,-13.935146000000003,Ibanez TS808,50%,50%
7536.621094,-14.038722000000007,Ibanez TS808,50%,50%
7579.6875,-14.649574000000008,Ibanez TS808,50%,50%
7622.753906,-14.436706000000001,Ibanez TS808,50%,50%
7665.820312,-14.442584000000004,Ibanez TS808,50%,50%
7708.886719,-14.237731000000004,Ibanez TS808,50%,50%
7751.953125,-14.142437000000001,Ibanez TS808,50%,50%
7795.019531,-14.400702000000003,Ibanez TS808,50%,50%
7838.085938,-14.746394000000002,Ibanez TS808,50%,50%
7881.152344,-15.004837000000002,Ibanez TS808,50%,50%
7924.21875,-15.152069000000004,Ibanez TS808,50%,50%
7967.285156,-14.970813,Ibanez TS808,50%,50%
8010.351562,-15.056636000000005,Ibanez TS808,50%,50%
8053.417969,-15.082573000000004,Ibanez TS808,50%,50%
8096.484375,-15.191501000000002,Ibanez TS808,50%,50%
8139.550781,-15.239463,Ibanez TS808,50%,50%
8182.617188,-15.480144000000003,Ibanez TS808,50%,50%
8225.683594,-15.614746000000004,Ibanez TS808,50%,50%
8268.75,-15.487705000000005,Ibanez TS808,50%,50%
8311.816406,-15.626314999999998,Ibanez TS808,50%,50%
8354.882812,-15.098190000000002,Ibanez TS808,50%,50%
8397.949219,-15.274661000000002,Ibanez TS808,50%,50%
8441.015625,-15.514507000000002,Ibanez TS808,50%,50%
8484.082031,-15.519773999999998,Ibanez TS808,50%,50%
8527.148438,-15.705077000000003,Ibanez TS808,50%,50%
8570.214844,-15.728424000000004,Ibanez TS808,50%,50%
8613.28125,-15.633375999999998,Ibanez TS808,50%,50%
8656.347656,-15.739799000000005,Ibanez TS808,50%,50%
8699.414062,-15.893726000000001,Ibanez TS808,50%,50%
8742.480469,-16.184638000000007,Ibanez TS808,50%,50%
8785.546875,-15.690173000000001,Ibanez TS808,50%,50%
8828.613281,-15.592563000000006,Ibanez TS808,50%,50%
8871.679688,-16.130618,Ibanez TS808,50%,50%
8914.746094,-16.20992600000001,Ibanez TS808,50%,50%
8957.8125,-16.085864000000008,Ibanez TS808,50%,50%
9000.878906,-16.178001000000002,Ibanez TS808,50%,50%
9043.945312,-16.331615,Ibanez TS808,50%,50%
9087.011719,-16.446452999999998,Ibanez TS808,50%,50%
9130.078125,-16.213218000000005,Ibanez TS808,50%,50%
9173.144531,-15.814926000000007,Ibanez TS808,50%,50%
9216.210938,-16.663619000000004,Ibanez TS808,50%,50%
9259.277344,-16.571346000000005,Ibanez TS808,50%,50%
9302.34375,-16.167213000000004,Ibanez TS808,50%,50%
9345.410156,-16.389782000000004,Ibanez TS808,50%,50%
9388.476562,-16.743140000000004,Ibanez TS808,50%,50%
9431.542969,-16.255640999999997,Ibanez TS808,50%,50%
9474.609375,-15.923862000000007,Ibanez TS808,50%,50%
9517.675781,-16.234828,Ibanez TS808,50%,50%
9560.742188,-16.804531000000004,Ibanez TS808,50%,50%
9603.808594,-17.082279000000007,Ibanez TS808,50%,50%
9646.875,-17.259570000000004,Ibanez TS808,50%,50%
9689.941406,-17.336979,Ibanez TS808,50%,50%
9733.007812,-17.060016000000005,Ibanez TS808,50%,50%
9776.074219,-17.34149500000001,Ibanez TS808,50%,50%
9819.140625,-17.296325000000003,Ibanez TS808,50%,50%
9862.207031,-17.091155,Ibanez TS808,50%,50%
9905.273438,-16.978683000000004,Ibanez TS808,50%,50%
9948.339844,-17.221542000000007,Ibanez TS808,50%,50%
9991.40625,-17.550590000000007,Ibanez TS808,50%,50%
10034.472656,-17.136348000000005,Ibanez TS808,50%,50%
10077.539062,-16.905182000000003,Ibanez TS808,50%,50%
10120.605469,-17.393585,Ibanez TS808,50%,50%
10163.671875,-17.785839000000003,Ibanez TS808,50%,50%
10206.738281,-17.711040000000004,Ibanez TS808,50%,50%
10249.804688,-17.717842000000005,Ibanez TS808,50%,50%
10292.871094,-17.875785,Ibanez TS808,50%,50%
10335.9375,-18.366252000000003,Ibanez TS808,50%,50%
10379.003906,-18.654975999999998,Ibanez TS808,50%,50%
10422.070312,-17.859332000000002,Ibanez TS808,50%,50%
10465.136719,-17.887794000000007,Ibanez TS808,50%,50%
10508.203125,-18.268683000000003,Ibanez TS808,50%,50%
10551.269531,-18.600799000000002,Ibanez TS808,50%,50%
10594.335938,-18.302932000000006,Ibanez TS808,50%,50%
10637.402344,-18.497978000000003,Ibanez TS808,50%,50%
10680.46875,-18.472716,Ibanez TS808,50%,50%
10723.535156,-18.363571,Ibanez TS808,50%,50%
10766.601562,-18.694659,Ibanez TS808,50%,50%
10809.667969,-18.818744000000002,Ibanez TS808,50%,50%
10852.734375,-18.768158,Ibanez TS808,50%,50%
10895.800781,-18.585169999999998,Ibanez TS808,50%,50%
10938.867188,-18.840533000000008,Ibanez TS808,50%,50%
10981.933594,-19.029899,Ibanez TS808,50%,50%
11025,-18.741786000000005,Ibanez TS808,50%,50%
11068.066406,-19.119495,Ibanez TS808,50%,50%
11111.132812,-18.604709000000007,Ibanez TS808,50%,50%
11154.199219,-18.489162,Ibanez TS808,50%,50%
11197.265625,-18.859385000000003,Ibanez TS808,50%,50%
11240.332031,-18.763514000000008,Ibanez TS808,50%,50%
11283.398438,-19.089282000000004,Ibanez TS808,50%,50%
11326.464844,-19.149440000000006,Ibanez TS808,50%,50%
11369.53125,-19.287876000000004,Ibanez TS808,50%,50%
11412.597656,-18.991420000000005,Ibanez TS808,50%,50%
11455.664062,-19.041904000000002,Ibanez TS808,50%,50%
11498.730469,-19.208873000000004,Ibanez TS808,50%,50%
11541.796875,-19.397964,Ibanez TS808,50%,50%
11584.863281,-19.046306,Ibanez TS808,50%,50%
11627.929688,-19.557716,Ibanez TS808,50%,50%
11670.996094,-19.980781000000007,Ibanez TS808,50%,50%
11714.0625,-19.593426000000008,Ibanez TS808,50%,50%
11757.128906,-19.554069,Ibanez TS808,50%,50%
11800.195312,-19.408176000000005,Ibanez TS808,50%,50%
11843.261719,-19.799434000000005,Ibanez TS808,50%,50%
11886.328125,-19.979407000000002,Ibanez TS808,50%,50%
11929.394531,-20.066692000000003,Ibanez TS808,50%,50%
11972.460938,-20.222694000000004,Ibanez TS808,50%,50%
12015.527344,-20.042217,Ibanez TS808,50%,50%
12058.59375,-20.052211,Ibanez TS808,50%,50%
12101.660156,-20.178885000000008,Ibanez TS808,50%,50%
12144.726562,-19.972861,Ibanez TS808,50%,50%
12187.792969,-20.181945,Ibanez TS808,50%,50%
12230.859375,-20.173392,Ibanez TS808,50%,50%
12273.925781,-20.153346000000006,Ibanez TS808,50%,50%
12316.992188,-19.996249,Ibanez TS808,50%,50%
12360.058594,-19.985831000000005,Ibanez TS808,50%,50%
12403.125,-19.858306,Ibanez TS808,50%,50%
12446.191406,-20.198940000000007,Ibanez TS808,50%,50%
12489.257812,-20.610633000000007,Ibanez TS808,50%,50%
12532.324219,-20.65354500000001,Ibanez TS808,50%,50%
12575.390625,-20.252956000000005,Ibanez TS808,50%,50%
12618.457031,-20.611667000000004,Ibanez TS808,50%,50%
12661.523438,-20.638893000000003,Ibanez TS808,50%,50%
12704.589844,-20.385902,Ibanez TS808,50%,50%
12747.65625,-20.686657000000004,Ibanez TS808,50%,50%
12790.722656,-20.785915000000003,Ibanez TS808,50%,50%
12833.789062,-20.455085000000004,Ibanez TS808,50%,50%
12876.855469,-20.733394000000004,Ibanez TS808,50%,50%
12919.921875,-20.885033000000007,Ibanez TS808,50%,50%
12962.988281,-21.097301,Ibanez TS808,50%,50%
13006.054688,-21.222476000000007,Ibanez TS808,50%,50%
13049.121094,-21.302578000000004,Ibanez TS808,50%,50%
13092.1875,-21.536365000000004,Ibanez TS808,50%,50%
13135.253906,-21.42406400000001,Ibanez TS808,50%,50%
13178.320312,-21.110187000000003,Ibanez TS808,50%,50%
13221.386719,-21.12397,Ibanez TS808,50%,50%
13264.453125,-21.285461000000005,Ibanez TS808,50%,50%
13307.519531,-21.692718000000006,Ibanez TS808,50%,50%
13350.585938,-21.609859,Ibanez TS808,50%,50%
13393.652344,-21.240218,Ibanez TS808,50%,50%
13436.71875,-21.26994700000001,Ibanez TS808,50%,50%
13479.785156,-21.372059000000007,Ibanez TS808,50%,50%
13522.851562,-21.703979000000004,Ibanez TS808,50%,50%
13565.917969,-21.613487000000006,Ibanez TS808,50%,50%
13608.984375,-21.737137000000004,Ibanez TS808,50%,50%
13652.050781,-22.132392000000003,Ibanez TS808,50%,50%
13695.117188,-21.944561000000007,Ibanez TS808,50%,50%
13738.183594,-21.836337999999998,Ibanez TS808,50%,50%
13781.25,-22.058513000000005,Ibanez TS808,50%,50%
13824.316406,-22.175026000000003,Ibanez TS808,50%,50%
13867.382812,-22.245490000000004,Ibanez TS808,50%,50%
13910.449219,-22.060809000000006,Ibanez TS808,50%,50%
13953.515625,-22.094119,Ibanez TS808,50%,50%
13996.582031,-22.001468000000003,Ibanez TS808,50%,50%
14039.648438,-21.908466000000004,Ibanez TS808,50%,50%
14082.714844,-22.169688000000008,Ibanez TS808,50%,50%
14125.78125,-22.271503000000003,Ibanez TS808,50%,50%
14168.847656,-22.161357000000002,Ibanez TS808,50%,50%
14211.914062,-22.069900000000004,Ibanez TS808,50%,50%
14254.980469,-22.263946000000004,Ibanez TS808,50%,50%
14298.046875,-22.151485,Ibanez TS808,50%,50%
14341.113281,-22.467655,Ibanez TS808,50%,50%
14384.179688,-22.340339,Ibanez TS808,50%,50%
14427.246094,-22.013939,Ibanez TS808,50%,50%
14470.3125,-22.392490000000002,Ibanez TS808,50%,50%
14513.378906,-22.556651000000002,Ibanez TS808,50%,50%
14556.445312,-22.874893000000007,Ibanez TS808,50%,50%
14599.511719,-22.299312,Ibanez TS808,50%,50%
14642.578125,-22.863388000000008,Ibanez TS808,50%,50%
14685.644531,-22.66384500000001,Ibanez TS808,50%,50%
14728.710938,-22.443343000000006,Ibanez TS808,50%,50%
14771.777344,-23.194751000000004,Ibanez TS808,50%,50%
14814.84375,-23.127643,Ibanez TS808,50%,50%
14857.910156,-23.309120000000007,Ibanez TS808,50%,50%
14900.976562,-23.381527000000006,Ibanez TS808,50%,50%
14944.042969,-23.020579000000005,Ibanez TS808,50%,50%
14987.109375,-23.452087000000006,Ibanez TS808,50%,50%
15030.175781,-23.735499000000004,Ibanez TS808,50%,50%
15073.242188,-23.726241,Ibanez TS808,50%,50%
15116.308594,-23.236965000000005,Ibanez TS808,50%,50%
15159.375,-22.921482000000005,Ibanez TS808,50%,50%
15202.441406,-23.040011000000007,Ibanez TS808,50%,50%
15245.507812,-23.307651000000007,Ibanez TS808,50%,50%
15288.574219,-23.353603,Ibanez TS808,50%,50%
15331.640625,-23.623397000000004,Ibanez TS808,50%,50%
15374.707031,-23.681103000000007,Ibanez TS808,50%,50%
15417.773438,-23.597896000000006,Ibanez TS808,50%,50%
15460.839844,-24.038322000000008,Ibanez TS808,50%,50%
15503.90625,-23.982215000000004,Ibanez TS808,50%,50%
15546.972656,-23.760565999999997,Ibanez TS808,50%,50%
15590.039062,-23.651740000000004,Ibanez TS808,50%,50%
15633.105469,-23.482551,Ibanez TS808,50%,50%
15676.171875,-23.782931000000005,Ibanez TS808,50%,50%
15719.238281,-23.756664000000008,Ibanez TS808,50%,50%
15762.304688,-24.166129000000005,Ibanez TS808,50%,50%
15805.371094,-23.773635000000006,Ibanez TS808,50%,50%
15848.4375,-24.088195000000006,Ibanez TS808,50%,50%
15891.503906,-24.379139000000002,Ibanez TS808,50%,50%
15934.570312,-24.351859000000005,Ibanez TS808,50%,50%
15977.636719,-24.47903000000001,Ibanez TS808,50%,50%
16020.703125,-24.141628000000004,Ibanez TS808,50%,50%
16063.769531,-24.044281000000005,Ibanez TS808,50%,50%
16106.835938,-24.390895000000008,Ibanez TS808,50%,50%
16149.902344,-24.533565000000003,Ibanez TS808,50%,50%
16192.96875,-24.775585000000007,Ibanez TS808,50%,50%
16236.035156,-24.608088000000002,Ibanez TS808,50%,50%
16279.101562,-24.582648000000006,Ibanez TS808,50%,50%
16322.167969,-24.674483000000002,Ibanez TS808,50%,50%
16365.234375,-24.276610000000005,Ibanez TS808,50%,50%
16408.300781,-24.38129,Ibanez TS808,50%,50%
16451.367188,-24.710372000000007,Ibanez TS808,50%,50%
16494.433594,-24.708468000000003,Ibanez TS808,50%,50%
16537.5,-24.782829000000007,Ibanez TS808,50%,50%
16580.566406,-24.539496999999997,Ibanez TS808,50%,50%
16623.632812,-24.581771000000003,Ibanez TS808,50%,50%
16666.699219,-24.797904000000003,Ibanez TS808,50%,50%
16709.765625,-25.160720000000005,Ibanez TS808,50%,50%
16752.832031,-25.580848000000003,Ibanez TS808,50%,50%
16795.898438,-25.293292000000008,Ibanez TS808,50%,50%
16838.964844,-25.235457000000004,Ibanez TS808,50%,50%
16882.03125,-24.86726,Ibanez TS808,50%,50%
16925.097656,-25.264599000000004,Ibanez TS808,50%,50%
16968.164062,-25.352981,Ibanez TS808,50%,50%
17011.230469,-25.197822000000002,Ibanez TS808,50%,50%
17054.296875,-25.65332,Ibanez TS808,50%,50%
17097.363281,-25.746547,Ibanez TS808,50%,50%
17140.429688,-25.634578000000005,Ibanez TS808,50%,50%
17183.496094,-25.681446000000008,Ibanez TS808,50%,50%
17226.5625,-25.510123000000007,Ibanez TS808,50%,50%
17269.628906,-25.73620100000001,Ibanez TS808,50%,50%
17312.695312,-25.340945000000005,Ibanez TS808,50%,50%
17355.761719,-25.218178,Ibanez TS808,50%,50%
17398.828125,-25.134212000000005,Ibanez TS808,50%,50%
17441.894531,-25.794166000000004,Ibanez TS808,50%,50%
17484.960938,-26.128085000000006,Ibanez TS808,50%,50%
17528.027344,-25.824695,Ibanez TS808,50%,50%
17571.09375,-25.67775600000001,Ibanez TS808,50%,50%
17614.160156,-25.426151000000004,Ibanez TS808,50%,50%
17657.226562,-25.482803000000004,Ibanez TS808,50%,50%
17700.292969,-25.737899000000006,Ibanez TS808,50%,50%
17743.359375,-26.277911000000003,Ibanez TS808,50%,50%
17786.425781,-26.205577000000005,Ibanez TS808,50%,50%
17829.492188,-25.965824000000005,Ibanez TS808,50%,50%
17872.558594,-26.318435,Ibanez TS808,50%,50%
17915.625,-26.428070000000005,Ibanez TS808,50%,50%
17958.691406,-26.303577000000004,Ibanez TS808,50%,50%
18001.757812,-25.990161000000008,Ibanez TS808,50%,50%
18044.824219,-26.338722000000004,Ibanez TS808,50%,50%
18087.890625,-26.675365000000006,Ibanez TS808,50%,50%
18130.957031,-26.101089,Ibanez TS808,50%,50%
18174.023438,-26.417186,Ibanez TS808,50%,50%
18217.089844,-26.306098,Ibanez TS808,50%,50%
18260.15625,-26.379493000000004,Ibanez TS808,50%,50%
18303.222656,-26.828719000000007,Ibanez TS808,50%,50%
18346.289062,-27.135654000000002,Ibanez TS808,50%,50%
18389.355469,-26.757068000000004,Ibanez TS808,50%,50%
18432.421875,-26.787803000000004,Ibanez TS808,50%,50%
18475.488281,-26.636284000000003,Ibanez TS808,50%,50%
18518.554688,-27.067013000000003,Ibanez TS808,50%,50%
18561.621094,-27.43630900000001,Ibanez TS808,50%,50%
18604.6875,-26.812167000000002,Ibanez TS808,50%,50%
18647.753906,-26.927283000000003,Ibanez TS808,50%,50%
18690.820312,-27.225738000000007,Ibanez TS808,50%,50%
18733.886719,-26.895495000000004,Ibanez TS808,50%,50%
18776.953125,-27.122303000000002,Ibanez TS808,50%,50%
18820.019531,-27.061873000000006,Ibanez TS808,50%,50%
18863.085938,-26.812095000000006,Ibanez TS808,50%,50%
18906.152344,-27.407600000000002,Ibanez TS808,50%,50%
18949.21875,-27.552360000000007,Ibanez TS808,50%,50%
18992.285156,-27.534339000000003,Ibanez TS808,50%,50%
19035.351562,-27.686417000000006,Ibanez TS808,50%,50%
19078.417969,-27.715915000000003,Ibanez TS808,50%,50%
19121.484375,-27.841952000000006,Ibanez TS808,50%,50%
19164.550781,-27.659469,Ibanez TS808,50%,50%
19207.617188,-27.636436000000003,Ibanez TS808,50%,50%
19250.683594,-27.578292000000005,Ibanez TS808,50%,50%
19293.75,-27.185871000000006,Ibanez TS808,50%,50%
19336.816406,-27.208648000000004,Ibanez TS808,50%,50%
19379.882812,-27.99505200000001,Ibanez TS808,50%,50%
19422.949219,-28.080813000000006,Ibanez TS808,50%,50%
19466.015625,-27.712260000000008,Ibanez TS808,50%,50%
19509.082031,-27.89206200000001,Ibanez TS808,50%,50%
19552.148438,-28.075397000000002,Ibanez TS808,50%,50%
19595.214844,-28.417125,Ibanez TS808,50%,50%
19638.28125,-28.353148000000004,Ibanez TS808,50%,50%
19681.347656,-28.280036000000003,Ibanez TS808,50%,50%
19724.414062,-28.143535000000007,Ibanez TS808,50%,50%
19767.480469,-28.428173000000008,Ibanez TS808,50%,50%
19810.546875,-28.343857000000007,Ibanez TS808,50%,50%
19853.613281,-28.610000000000007,Ibanez TS808,50%,50%
19896.679688,-28.909130000000005,Ibanez TS808,50%,50%
19939.746094,-28.181087000000005,Ibanez TS808,50%,50%
19982.8125,-28.471157000000005,Ibanez TS808,50%,50%
